This is pdfTeX, Version 3.141592653-2.6-1.40.25 (TeX Live 2023) (preloaded format=pdflatex 2024.1.29)  18 MAY 2026 00:00
entering extended mode
 restricted \write18 enabled.
 %&-line parsing enabled.
**couples_graphs.tex
(./couples_graphs.tex
LaTeX2e <2023-11-01> patch level 1
L3 programming layer <2024-01-22>
(c:/Users/Ori/AppData/Roaming/TinyTeX/texmf-dist/tex/latex/beamer/beamer.cls
Document Class: beamer 2024/01/06 v3.71 A class for typesetting presentations
(c:/Users/Ori/AppData/Roaming/TinyTeX/texmf-dist/tex/latex/beamer/beamerbasemodes.sty (c:/Users/Ori/AppData/Roaming/TinyTeX/texmf-dist/tex/latex/etoolbox/etoolbox.sty
Package: etoolbox 2020/10/05 v2.5k e-TeX tools for LaTeX (JAW)
\etb@tempcnta=\count187
)
\beamer@tempbox=\box51
\beamer@tempcount=\count188
\c@beamerpauses=\count189
 (c:/Users/Ori/AppData/Roaming/TinyTeX/texmf-dist/tex/latex/beamer/beamerbasedecode.sty
\beamer@slideinframe=\count190
\beamer@minimum=\count191
\beamer@decode@box=\box52
)
\beamer@commentbox=\box53
\beamer@modecount=\count192
) (c:/Users/Ori/AppData/Roaming/TinyTeX/texmf-dist/tex/generic/iftex/iftex.sty
Package: iftex 2022/02/03 v1.0f TeX engine tests
)
\headdp=\dimen140
\footheight=\dimen141
\sidebarheight=\dimen142
\beamer@tempdim=\dimen143
\beamer@finalheight=\dimen144
\beamer@animht=\dimen145
\beamer@animdp=\dimen146
\beamer@animwd=\dimen147
\beamer@leftmargin=\dimen148
\beamer@rightmargin=\dimen149
\beamer@leftsidebar=\dimen150
\beamer@rightsidebar=\dimen151
\beamer@boxsize=\dimen152
\beamer@vboxoffset=\dimen153
\beamer@descdefault=\dimen154
\beamer@descriptionwidth=\dimen155
\beamer@lastskip=\skip48
\beamer@areabox=\box54
\beamer@animcurrent=\box55
\beamer@animshowbox=\box56
\beamer@sectionbox=\box57
\beamer@logobox=\box58
\beamer@linebox=\box59
\beamer@sectioncount=\count193
\beamer@subsubsectionmax=\count194
\beamer@subsectionmax=\count195
\beamer@sectionmax=\count196
\beamer@totalheads=\count197
\beamer@headcounter=\count198
\beamer@partstartpage=\count199
\beamer@sectionstartpage=\count266
\beamer@subsectionstartpage=\count267
\beamer@animationtempa=\count268
\beamer@animationtempb=\count269
\beamer@xpos=\count270
\beamer@ypos=\count271
\beamer@ypos@offset=\count272
\beamer@showpartnumber=\count273
\beamer@currentsubsection=\count274
\beamer@coveringdepth=\count275
\beamer@sectionadjust=\count276
\beamer@toclastsection=\count277
\beamer@tocsectionnumber=\count278
 (c:/Users/Ori/AppData/Roaming/TinyTeX/texmf-dist/tex/latex/beamer/beamerbaseoptions.sty (c:/Users/Ori/AppData/Roaming/TinyTeX/texmf-dist/tex/latex/graphics/keyval.sty
Package: keyval 2022/05/29 v1.15 key=value parser (DPC)
\KV@toks@=\toks17
))
\beamer@paperwidth=\skip49
\beamer@paperheight=\skip50
 (c:/Users/Ori/AppData/Roaming/TinyTeX/texmf-dist/tex/latex/geometry/geometry.sty
Package: geometry 2020/01/02 v5.9 Page Geometry
 (c:/Users/Ori/AppData/Roaming/TinyTeX/texmf-dist/tex/generic/iftex/ifvtex.sty
Package: ifvtex 2019/10/25 v1.7 ifvtex legacy package. Use iftex instead.
)
\Gm@cnth=\count279
\Gm@cntv=\count280
\c@Gm@tempcnt=\count281
\Gm@bindingoffset=\dimen156
\Gm@wd@mp=\dimen157
\Gm@odd@mp=\dimen158
\Gm@even@mp=\dimen159
\Gm@layoutwidth=\dimen160
\Gm@layoutheight=\dimen161
\Gm@layouthoffset=\dimen162
\Gm@layoutvoffset=\dimen163
\Gm@dimlist=\toks18
) (c:/Users/Ori/AppData/Roaming/TinyTeX/texmf-dist/tex/latex/pgf/math/pgfmath.sty (c:/Users/Ori/AppData/Roaming/TinyTeX/texmf-dist/tex/latex/pgf/utilities/pgfrcs.sty (c:/Users/Ori/AppData/Roaming/TinyTeX/texmf-dist/tex/generic/pgf/utilities/pgfutil-common.tex
\pgfutil@everybye=\toks19
\pgfutil@tempdima=\dimen164
\pgfutil@tempdimb=\dimen165
) (c:/Users/Ori/AppData/Roaming/TinyTeX/texmf-dist/tex/generic/pgf/utilities/pgfutil-latex.def
\pgfutil@abb=\box60
) (c:/Users/Ori/AppData/Roaming/TinyTeX/texmf-dist/tex/generic/pgf/utilities/pgfrcs.code.tex (c:/Users/Ori/AppData/Roaming/TinyTeX/texmf-dist/tex/generic/pgf/pgf.revision.tex)
Package: pgfrcs 2023-01-15 v3.1.10 (3.1.10)
)) (c:/Users/Ori/AppData/Roaming/TinyTeX/texmf-dist/tex/latex/pgf/utilities/pgfkeys.sty (c:/Users/Ori/AppData/Roaming/TinyTeX/texmf-dist/tex/generic/pgf/utilities/pgfkeys.code.tex
\pgfkeys@pathtoks=\toks20
\pgfkeys@temptoks=\toks21
 (c:/Users/Ori/AppData/Roaming/TinyTeX/texmf-dist/tex/generic/pgf/utilities/pgfkeyslibraryfiltered.code.tex
\pgfkeys@tmptoks=\toks22
))) (c:/Users/Ori/AppData/Roaming/TinyTeX/texmf-dist/tex/generic/pgf/math/pgfmath.code.tex (c:/Users/Ori/AppData/Roaming/TinyTeX/texmf-dist/tex/generic/pgf/math/pgfmathutil.code.tex
\pgf@x=\dimen166
\pgf@xa=\dimen167
\pgf@xb=\dimen168
\pgf@xc=\dimen169
\pgf@y=\dimen170
\pgf@ya=\dimen171
\pgf@yb=\dimen172
\pgf@yc=\dimen173
\c@pgf@counta=\count282
\c@pgf@countb=\count283
\c@pgf@countc=\count284
\c@pgf@countd=\count285
) (c:/Users/Ori/AppData/Roaming/TinyTeX/texmf-dist/tex/generic/pgf/math/pgfmathparser.code.tex
\pgfmath@dimen=\dimen174
\pgfmath@count=\count286
\pgfmath@box=\box61
\pgfmath@toks=\toks23
\pgfmath@stack@operand=\toks24
\pgfmath@stack@operation=\toks25
) (c:/Users/Ori/AppData/Roaming/TinyTeX/texmf-dist/tex/generic/pgf/math/pgfmathfunctions.code.tex) (c:/Users/Ori/AppData/Roaming/TinyTeX/texmf-dist/tex/generic/pgf/math/pgfmathfunctions.basic.code.tex) (c:/Users/Ori/AppData/Roaming/TinyTeX/texmf-dist/tex/generic/pgf/math/pgfmathfunctions.trigonometric.code.tex) (c:/Users/Ori/AppData/Roaming/TinyTeX/texmf-dist/tex/generic/pgf/math/pgfmathfunctions.random.code.tex) (c:/Users/Ori/AppData/Roaming/TinyTeX/texmf-dist/tex/generic/pgf/math/pgfmathfunctions.comparison.code.tex) (c:/Users/Ori/AppData/Roaming/TinyTeX/texmf-dist/tex/generic/pgf/math/pgfmathfunctions.base.code.tex) (c:/Users/Ori/AppData/Roaming/TinyTeX/texmf-dist/tex/generic/pgf/math/pgfmathfunctions.round.code.tex) (c:/Users/Ori/AppData/Roaming/TinyTeX/texmf-dist/tex/generic/pgf/math/pgfmathfunctions.misc.code.tex) (c:/Users/Ori/AppData/Roaming/TinyTeX/texmf-dist/tex/generic/pgf/math/pgfmathfunctions.integerarithmetics.code.tex) (c:/Users/Ori/AppData/Roaming/TinyTeX/texmf-dist/tex/generic/pgf/math/pgfmathcalc.code.tex) (c:/Users/Ori/AppData/Roaming/TinyTeX/texmf-dist/tex/generic/pgf/math/pgfmathfloat.code.tex
\c@pgfmathroundto@lastzeros=\count287
))) (c:/Users/Ori/AppData/Roaming/TinyTeX/texmf-dist/tex/latex/base/size11.clo
File: size11.clo 2023/05/17 v1.4n Standard LaTeX file (size option)
) (c:/Users/Ori/AppData/Roaming/TinyTeX/texmf-dist/tex/latex/pgf/basiclayer/pgfcore.sty (c:/Users/Ori/AppData/Roaming/TinyTeX/texmf-dist/tex/latex/graphics/graphicx.sty
Package: graphicx 2021/09/16 v1.2d Enhanced LaTeX Graphics (DPC,SPQR)
 (c:/Users/Ori/AppData/Roaming/TinyTeX/texmf-dist/tex/latex/graphics/graphics.sty
Package: graphics 2022/03/10 v1.4e Standard LaTeX Graphics (DPC,SPQR)
 (c:/Users/Ori/AppData/Roaming/TinyTeX/texmf-dist/tex/latex/graphics/trig.sty
Package: trig 2021/08/11 v1.11 sin cos tan (DPC)
) (c:/Users/Ori/AppData/Roaming/TinyTeX/texmf-dist/tex/latex/graphics-cfg/graphics.cfg
File: graphics.cfg 2016/06/04 v1.11 sample graphics configuration
)
Package graphics Info: Driver file: pdftex.def on input line 107.
 (c:/Users/Ori/AppData/Roaming/TinyTeX/texmf-dist/tex/latex/graphics-def/pdftex.def
File: pdftex.def 2022/09/22 v1.2b Graphics/color driver for pdftex
))
\Gin@req@height=\dimen175
\Gin@req@width=\dimen176
) (c:/Users/Ori/AppData/Roaming/TinyTeX/texmf-dist/tex/latex/pgf/systemlayer/pgfsys.sty (c:/Users/Ori/AppData/Roaming/TinyTeX/texmf-dist/tex/generic/pgf/systemlayer/pgfsys.code.tex
Package: pgfsys 2023-01-15 v3.1.10 (3.1.10)
\pgf@x=\dimen177
\pgf@y=\dimen178
\pgf@xa=\dimen179
\pgf@ya=\dimen180
\pgf@xb=\dimen181
\pgf@yb=\dimen182
\pgf@xc=\dimen183
\pgf@yc=\dimen184
\pgf@xd=\dimen185
\pgf@yd=\dimen186
\w@pgf@writea=\write3
\r@pgf@reada=\read2
\c@pgf@counta=\count288
\c@pgf@countb=\count289
\c@pgf@countc=\count290
\c@pgf@countd=\count291
\t@pgf@toka=\toks26
\t@pgf@tokb=\toks27
\t@pgf@tokc=\toks28
\pgf@sys@id@count=\count292
 (c:/Users/Ori/AppData/Roaming/TinyTeX/texmf-dist/tex/generic/pgf/systemlayer/pgf.cfg
File: pgf.cfg 2023-01-15 v3.1.10 (3.1.10)
)
Driver file for pgf: pgfsys-pdftex.def
 (c:/Users/Ori/AppData/Roaming/TinyTeX/texmf-dist/tex/generic/pgf/systemlayer/pgfsys-pdftex.def
File: pgfsys-pdftex.def 2023-01-15 v3.1.10 (3.1.10)
 (c:/Users/Ori/AppData/Roaming/TinyTeX/texmf-dist/tex/generic/pgf/systemlayer/pgfsys-common-pdf.def
File: pgfsys-common-pdf.def 2023-01-15 v3.1.10 (3.1.10)
))) (c:/Users/Ori/AppData/Roaming/TinyTeX/texmf-dist/tex/generic/pgf/systemlayer/pgfsyssoftpath.code.tex
File: pgfsyssoftpath.code.tex 2023-01-15 v3.1.10 (3.1.10)
\pgfsyssoftpath@smallbuffer@items=\count293
\pgfsyssoftpath@bigbuffer@items=\count294
) (c:/Users/Ori/AppData/Roaming/TinyTeX/texmf-dist/tex/generic/pgf/systemlayer/pgfsysprotocol.code.tex
File: pgfsysprotocol.code.tex 2023-01-15 v3.1.10 (3.1.10)
)) (c:/Users/Ori/AppData/Roaming/TinyTeX/texmf-dist/tex/latex/xcolor/xcolor.sty
Package: xcolor 2023/11/15 v3.01 LaTeX color extensions (UK)
 (c:/Users/Ori/AppData/Roaming/TinyTeX/texmf-dist/tex/latex/graphics-cfg/color.cfg
File: color.cfg 2016/01/02 v1.6 sample color configuration
)
Package xcolor Info: Driver file: pdftex.def on input line 274.
 (c:/Users/Ori/AppData/Roaming/TinyTeX/texmf-dist/tex/latex/graphics/mathcolor.ltx)
Package xcolor Info: Model `cmy' substituted by `cmy0' on input line 1350.
Package xcolor Info: Model `hsb' substituted by `rgb' on input line 1354.
Package xcolor Info: Model `RGB' extended on input line 1366.
Package xcolor Info: Model `HTML' substituted by `rgb' on input line 1368.
Package xcolor Info: Model `Hsb' substituted by `hsb' on input line 1369.
Package xcolor Info: Model `tHsb' substituted by `hsb' on input line 1370.
Package xcolor Info: Model `HSB' substituted by `hsb' on input line 1371.
Package xcolor Info: Model `Gray' substituted by `gray' on input line 1372.
Package xcolor Info: Model `wave' substituted by `hsb' on input line 1373.
) (c:/Users/Ori/AppData/Roaming/TinyTeX/texmf-dist/tex/generic/pgf/basiclayer/pgfcore.code.tex
Package: pgfcore 2023-01-15 v3.1.10 (3.1.10)
 (c:/Users/Ori/AppData/Roaming/TinyTeX/texmf-dist/tex/generic/pgf/math/pgfint.code.tex) (c:/Users/Ori/AppData/Roaming/TinyTeX/texmf-dist/tex/generic/pgf/basiclayer/pgfcorepoints.code.tex
File: pgfcorepoints.code.tex 2023-01-15 v3.1.10 (3.1.10)
\pgf@picminx=\dimen187
\pgf@picmaxx=\dimen188
\pgf@picminy=\dimen189
\pgf@picmaxy=\dimen190
\pgf@pathminx=\dimen191
\pgf@pathmaxx=\dimen192
\pgf@pathminy=\dimen193
\pgf@pathmaxy=\dimen194
\pgf@xx=\dimen195
\pgf@xy=\dimen196
\pgf@yx=\dimen197
\pgf@yy=\dimen198
\pgf@zx=\dimen199
\pgf@zy=\dimen256
) (c:/Users/Ori/AppData/Roaming/TinyTeX/texmf-dist/tex/generic/pgf/basiclayer/pgfcorepathconstruct.code.tex
File: pgfcorepathconstruct.code.tex 2023-01-15 v3.1.10 (3.1.10)
\pgf@path@lastx=\dimen257
\pgf@path@lasty=\dimen258
) (c:/Users/Ori/AppData/Roaming/TinyTeX/texmf-dist/tex/generic/pgf/basiclayer/pgfcorepathusage.code.tex
File: pgfcorepathusage.code.tex 2023-01-15 v3.1.10 (3.1.10)
\pgf@shorten@end@additional=\dimen259
\pgf@shorten@start@additional=\dimen260
) (c:/Users/Ori/AppData/Roaming/TinyTeX/texmf-dist/tex/generic/pgf/basiclayer/pgfcorescopes.code.tex
File: pgfcorescopes.code.tex 2023-01-15 v3.1.10 (3.1.10)
\pgfpic=\box62
\pgf@hbox=\box63
\pgf@layerbox@main=\box64
\pgf@picture@serial@count=\count295
) (c:/Users/Ori/AppData/Roaming/TinyTeX/texmf-dist/tex/generic/pgf/basiclayer/pgfcoregraphicstate.code.tex
File: pgfcoregraphicstate.code.tex 2023-01-15 v3.1.10 (3.1.10)
\pgflinewidth=\dimen261
) (c:/Users/Ori/AppData/Roaming/TinyTeX/texmf-dist/tex/generic/pgf/basiclayer/pgfcoretransformations.code.tex
File: pgfcoretransformations.code.tex 2023-01-15 v3.1.10 (3.1.10)
\pgf@pt@x=\dimen262
\pgf@pt@y=\dimen263
\pgf@pt@temp=\dimen264
) (c:/Users/Ori/AppData/Roaming/TinyTeX/texmf-dist/tex/generic/pgf/basiclayer/pgfcorequick.code.tex
File: pgfcorequick.code.tex 2023-01-15 v3.1.10 (3.1.10)
) (c:/Users/Ori/AppData/Roaming/TinyTeX/texmf-dist/tex/generic/pgf/basiclayer/pgfcoreobjects.code.tex
File: pgfcoreobjects.code.tex 2023-01-15 v3.1.10 (3.1.10)
) (c:/Users/Ori/AppData/Roaming/TinyTeX/texmf-dist/tex/generic/pgf/basiclayer/pgfcorepathprocessing.code.tex
File: pgfcorepathprocessing.code.tex 2023-01-15 v3.1.10 (3.1.10)
) (c:/Users/Ori/AppData/Roaming/TinyTeX/texmf-dist/tex/generic/pgf/basiclayer/pgfcorearrows.code.tex
File: pgfcorearrows.code.tex 2023-01-15 v3.1.10 (3.1.10)
\pgfarrowsep=\dimen265
) (c:/Users/Ori/AppData/Roaming/TinyTeX/texmf-dist/tex/generic/pgf/basiclayer/pgfcoreshade.code.tex
File: pgfcoreshade.code.tex 2023-01-15 v3.1.10 (3.1.10)
\pgf@max=\dimen266
\pgf@sys@shading@range@num=\count296
\pgf@shadingcount=\count297
) (c:/Users/Ori/AppData/Roaming/TinyTeX/texmf-dist/tex/generic/pgf/basiclayer/pgfcoreimage.code.tex
File: pgfcoreimage.code.tex 2023-01-15 v3.1.10 (3.1.10)
) (c:/Users/Ori/AppData/Roaming/TinyTeX/texmf-dist/tex/generic/pgf/basiclayer/pgfcoreexternal.code.tex
File: pgfcoreexternal.code.tex 2023-01-15 v3.1.10 (3.1.10)
\pgfexternal@startupbox=\box65
) (c:/Users/Ori/AppData/Roaming/TinyTeX/texmf-dist/tex/generic/pgf/basiclayer/pgfcorelayers.code.tex
File: pgfcorelayers.code.tex 2023-01-15 v3.1.10 (3.1.10)
) (c:/Users/Ori/AppData/Roaming/TinyTeX/texmf-dist/tex/generic/pgf/basiclayer/pgfcoretransparency.code.tex
File: pgfcoretransparency.code.tex 2023-01-15 v3.1.10 (3.1.10)
) (c:/Users/Ori/AppData/Roaming/TinyTeX/texmf-dist/tex/generic/pgf/basiclayer/pgfcorepatterns.code.tex
File: pgfcorepatterns.code.tex 2023-01-15 v3.1.10 (3.1.10)
) (c:/Users/Ori/AppData/Roaming/TinyTeX/texmf-dist/tex/generic/pgf/basiclayer/pgfcorerdf.code.tex
File: pgfcorerdf.code.tex 2023-01-15 v3.1.10 (3.1.10)
))) (c:/Users/Ori/AppData/Roaming/TinyTeX/texmf-dist/tex/latex/pgf/utilities/xxcolor.sty
Package: xxcolor 2003/10/24 ver 0.1
\XC@nummixins=\count298
\XC@countmixins=\count299
) (c:/Users/Ori/AppData/Roaming/TinyTeX/texmf-dist/tex/latex/base/atbegshi-ltx.sty
Package: atbegshi-ltx 2021/01/10 v1.0c Emulation of the original atbegshi
package with kernel methods
) (c:/Users/Ori/AppData/Roaming/TinyTeX/texmf-dist/tex/latex/hyperref/hyperref.sty
Package: hyperref 2024-01-20 v7.01h Hypertext links for LaTeX
 (c:/Users/Ori/AppData/Roaming/TinyTeX/texmf-dist/tex/latex/kvsetkeys/kvsetkeys.sty
Package: kvsetkeys 2022-10-05 v1.19 Key value parser (HO)
) (c:/Users/Ori/AppData/Roaming/TinyTeX/texmf-dist/tex/generic/kvdefinekeys/kvdefinekeys.sty
Package: kvdefinekeys 2019-12-19 v1.6 Define keys (HO)
) (c:/Users/Ori/AppData/Roaming/TinyTeX/texmf-dist/tex/generic/pdfescape/pdfescape.sty
Package: pdfescape 2019/12/09 v1.15 Implements pdfTeX's escape features (HO)
 (c:/Users/Ori/AppData/Roaming/TinyTeX/texmf-dist/tex/generic/ltxcmds/ltxcmds.sty
Package: ltxcmds 2023-12-04 v1.26 LaTeX kernel commands for general use (HO)
) (c:/Users/Ori/AppData/Roaming/TinyTeX/texmf-dist/tex/generic/pdftexcmds/pdftexcmds.sty
Package: pdftexcmds 2020-06-27 v0.33 Utility functions of pdfTeX for LuaTeX (HO)
 (c:/Users/Ori/AppData/Roaming/TinyTeX/texmf-dist/tex/generic/infwarerr/infwarerr.sty
Package: infwarerr 2019/12/03 v1.5 Providing info/warning/error messages (HO)
)
Package pdftexcmds Info: \pdf@primitive is available.
Package pdftexcmds Info: \pdf@ifprimitive is available.
Package pdftexcmds Info: \pdfdraftmode found.
)) (c:/Users/Ori/AppData/Roaming/TinyTeX/texmf-dist/tex/latex/hycolor/hycolor.sty
Package: hycolor 2020-01-27 v1.10 Color options for hyperref/bookmark (HO)
) (c:/Users/Ori/AppData/Roaming/TinyTeX/texmf-dist/tex/latex/auxhook/auxhook.sty
Package: auxhook 2019-12-17 v1.6 Hooks for auxiliary files (HO)
) (c:/Users/Ori/AppData/Roaming/TinyTeX/texmf-dist/tex/latex/hyperref/nameref.sty
Package: nameref 2023-11-26 v2.56 Cross-referencing by name of section
 (c:/Users/Ori/AppData/Roaming/TinyTeX/texmf-dist/tex/latex/refcount/refcount.sty
Package: refcount 2019/12/15 v3.6 Data extraction from label references (HO)
) (c:/Users/Ori/AppData/Roaming/TinyTeX/texmf-dist/tex/generic/gettitlestring/gettitlestring.sty
Package: gettitlestring 2019/12/15 v1.6 Cleanup title references (HO)
 (c:/Users/Ori/AppData/Roaming/TinyTeX/texmf-dist/tex/latex/kvoptions/kvoptions.sty
Package: kvoptions 2022-06-15 v3.15 Key value format for package options (HO)
))
\c@section@level=\count300
)
\@linkdim=\dimen267
\Hy@linkcounter=\count301
\Hy@pagecounter=\count302
 (c:/Users/Ori/AppData/Roaming/TinyTeX/texmf-dist/tex/latex/hyperref/pd1enc.def
File: pd1enc.def 2024-01-20 v7.01h Hyperref: PDFDocEncoding definition (HO)
Now handling font encoding PD1 ...
... no UTF-8 mapping file for font encoding PD1
) (c:/Users/Ori/AppData/Roaming/TinyTeX/texmf-dist/tex/generic/intcalc/intcalc.sty
Package: intcalc 2019/12/15 v1.3 Expandable calculations with integers (HO)
)
\Hy@SavedSpaceFactor=\count303
 (c:/Users/Ori/AppData/Roaming/TinyTeX/texmf-dist/tex/latex/hyperref/puenc.def
File: puenc.def 2024-01-20 v7.01h Hyperref: PDF Unicode definition (HO)
Now handling font encoding PU ...
... no UTF-8 mapping file for font encoding PU
)
Package hyperref Info: Option `bookmarks' set `true' on input line 4062.
Package hyperref Info: Option `bookmarksopen' set `true' on input line 4062.
Package hyperref Info: Option `implicit' set `false' on input line 4062.
Package hyperref Info: Hyper figures OFF on input line 4179.
Package hyperref Info: Link nesting OFF on input line 4184.
Package hyperref Info: Hyper index ON on input line 4187.
Package hyperref Info: Plain pages OFF on input line 4194.
Package hyperref Info: Backreferencing OFF on input line 4199.
Package hyperref Info: Implicit mode OFF; no redefinition of LaTeX internals.
Package hyperref Info: Bookmarks ON on input line 4446.
\c@Hy@tempcnt=\count304
 (c:/Users/Ori/AppData/Roaming/TinyTeX/texmf-dist/tex/latex/url/url.sty
\Urlmuskip=\muskip16
Package: url 2013/09/16  ver 3.4  Verb mode for urls, etc.
)
LaTeX Info: Redefining \url on input line 4784.
\XeTeXLinkMargin=\dimen268
 (c:/Users/Ori/AppData/Roaming/TinyTeX/texmf-dist/tex/generic/bitset/bitset.sty
Package: bitset 2019/12/09 v1.3 Handle bit-vector datatype (HO)
 (c:/Users/Ori/AppData/Roaming/TinyTeX/texmf-dist/tex/generic/bigintcalc/bigintcalc.sty
Package: bigintcalc 2019/12/15 v1.5 Expandable calculations on big integers (HO)
))
\Fld@menulength=\count305
\Field@Width=\dimen269
\Fld@charsize=\dimen270
Package hyperref Info: Hyper figures OFF on input line 6063.
Package hyperref Info: Link nesting OFF on input line 6068.
Package hyperref Info: Hyper index ON on input line 6071.
Package hyperref Info: backreferencing OFF on input line 6078.
Package hyperref Info: Link coloring OFF on input line 6083.
Package hyperref Info: Link coloring with OCG OFF on input line 6088.
Package hyperref Info: PDF/A mode OFF on input line 6093.
\Hy@abspage=\count306


Package hyperref Message: Stopped early.

)
Package hyperref Info: Driver (autodetected): hpdftex.
 (c:/Users/Ori/AppData/Roaming/TinyTeX/texmf-dist/tex/latex/hyperref/hpdftex.def
File: hpdftex.def 2024-01-20 v7.01h Hyperref driver for pdfTeX
 (c:/Users/Ori/AppData/Roaming/TinyTeX/texmf-dist/tex/latex/base/atveryend-ltx.sty
Package: atveryend-ltx 2020/08/19 v1.0a Emulation of the original atveryend package
with kernel methods
)
\Fld@listcount=\count307
\c@bookmark@seq@number=\count308
 (c:/Users/Ori/AppData/Roaming/TinyTeX/texmf-dist/tex/latex/rerunfilecheck/rerunfilecheck.sty
Package: rerunfilecheck 2022-07-10 v1.10 Rerun checks for auxiliary files (HO)
 (c:/Users/Ori/AppData/Roaming/TinyTeX/texmf-dist/tex/generic/uniquecounter/uniquecounter.sty
Package: uniquecounter 2019/12/15 v1.4 Provide unlimited unique counter (HO)
)
Package uniquecounter Info: New unique counter `rerunfilecheck' on input line 285.
)) (c:/Users/Ori/AppData/Roaming/TinyTeX/texmf-dist/tex/latex/beamer/beamerbaserequires.sty (c:/Users/Ori/AppData/Roaming/TinyTeX/texmf-dist/tex/latex/beamer/beamerbasecompatibility.sty) (c:/Users/Ori/AppData/Roaming/TinyTeX/texmf-dist/tex/latex/beamer/beamerbasefont.sty (c:/Users/Ori/AppData/Roaming/TinyTeX/texmf-dist/tex/latex/amsfonts/amssymb.sty
Package: amssymb 2013/01/14 v3.01 AMS font symbols
 (c:/Users/Ori/AppData/Roaming/TinyTeX/texmf-dist/tex/latex/amsfonts/amsfonts.sty
Package: amsfonts 2013/01/14 v3.01 Basic AMSFonts support
\@emptytoks=\toks29
\symAMSa=\mathgroup4
\symAMSb=\mathgroup5
LaTeX Font Info:    Redeclaring math symbol \hbar on input line 98.
LaTeX Font Info:    Overwriting math alphabet `\mathfrak' in version `bold'
(Font)                  U/euf/m/n --> U/euf/b/n on input line 106.
))) (c:/Users/Ori/AppData/Roaming/TinyTeX/texmf-dist/tex/latex/beamer/beamerbasetranslator.sty (c:/Users/Ori/AppData/Roaming/TinyTeX/texmf-dist/tex/latex/translator/translator.sty
Package: translator 2021-05-31 v1.12d Easy translation of strings in LaTeX
)) (c:/Users/Ori/AppData/Roaming/TinyTeX/texmf-dist/tex/latex/beamer/beamerbasemisc.sty) (c:/Users/Ori/AppData/Roaming/TinyTeX/texmf-dist/tex/latex/beamer/beamerbasetwoscreens.sty) (c:/Users/Ori/AppData/Roaming/TinyTeX/texmf-dist/tex/latex/beamer/beamerbaseoverlay.sty
\beamer@argscount=\count309
\beamer@lastskipcover=\skip51
\beamer@trivlistdepth=\count310
) (c:/Users/Ori/AppData/Roaming/TinyTeX/texmf-dist/tex/latex/beamer/beamerbasetitle.sty) (c:/Users/Ori/AppData/Roaming/TinyTeX/texmf-dist/tex/latex/beamer/beamerbasesection.sty
\c@lecture=\count311
\c@part=\count312
\c@section=\count313
\c@subsection=\count314
\c@subsubsection=\count315
) (c:/Users/Ori/AppData/Roaming/TinyTeX/texmf-dist/tex/latex/beamer/beamerbaseframe.sty
\beamer@framebox=\box66
\beamer@frametitlebox=\box67
\beamer@zoombox=\box68
\beamer@zoomcount=\count316
\beamer@zoomframecount=\count317
\beamer@frametextheight=\dimen271
\c@subsectionslide=\count318
\beamer@frametopskip=\skip52
\beamer@framebottomskip=\skip53
\beamer@frametopskipautobreak=\skip54
\beamer@framebottomskipautobreak=\skip55
\beamer@envbody=\toks30
\framewidth=\dimen272
\c@framenumber=\count319
) (c:/Users/Ori/AppData/Roaming/TinyTeX/texmf-dist/tex/latex/beamer/beamerbaseverbatim.sty
\beamer@verbatimfileout=\write4
) (c:/Users/Ori/AppData/Roaming/TinyTeX/texmf-dist/tex/latex/beamer/beamerbaseframesize.sty
\beamer@splitbox=\box69
\beamer@autobreakcount=\count320
\beamer@autobreaklastheight=\dimen273
\beamer@frametitletoks=\toks31
\beamer@framesubtitletoks=\toks32
) (c:/Users/Ori/AppData/Roaming/TinyTeX/texmf-dist/tex/latex/beamer/beamerbaseframecomponents.sty
\beamer@footins=\box70
) (c:/Users/Ori/AppData/Roaming/TinyTeX/texmf-dist/tex/latex/beamer/beamerbasecolor.sty) (c:/Users/Ori/AppData/Roaming/TinyTeX/texmf-dist/tex/latex/beamer/beamerbasenotes.sty
\beamer@frameboxcopy=\box71
) (c:/Users/Ori/AppData/Roaming/TinyTeX/texmf-dist/tex/latex/beamer/beamerbasetoc.sty) (c:/Users/Ori/AppData/Roaming/TinyTeX/texmf-dist/tex/latex/beamer/beamerbasetemplates.sty
\beamer@sbttoks=\toks33
 (c:/Users/Ori/AppData/Roaming/TinyTeX/texmf-dist/tex/latex/beamer/beamerbaseauxtemplates.sty (c:/Users/Ori/AppData/Roaming/TinyTeX/texmf-dist/tex/latex/beamer/beamerbaseboxes.sty
\bmb@box=\box72
\bmb@colorbox=\box73
\bmb@boxwidth=\dimen274
\bmb@boxheight=\dimen275
\bmb@prevheight=\dimen276
\bmb@temp=\dimen277
\bmb@dima=\dimen278
\bmb@dimb=\dimen279
\bmb@prevheight=\dimen280
)
\beamer@blockheadheight=\dimen281
)) (c:/Users/Ori/AppData/Roaming/TinyTeX/texmf-dist/tex/latex/beamer/beamerbaselocalstructure.sty (c:/Users/Ori/AppData/Roaming/TinyTeX/texmf-dist/tex/latex/tools/enumerate.sty
Package: enumerate 2023/07/04 v3.00 enumerate extensions (DPC)
\@enLab=\toks34
)
\beamer@bibiconwidth=\skip56
\c@figure=\count321
\c@table=\count322
\abovecaptionskip=\skip57
\belowcaptionskip=\skip58
) (c:/Users/Ori/AppData/Roaming/TinyTeX/texmf-dist/tex/latex/beamer/beamerbasenavigation.sty (c:/Users/Ori/AppData/Roaming/TinyTeX/texmf-dist/tex/latex/beamer/beamerbasenavigationsymbols.tex)
\beamer@section@min@dim=\dimen282
) (c:/Users/Ori/AppData/Roaming/TinyTeX/texmf-dist/tex/latex/beamer/beamerbasetheorems.sty (c:/Users/Ori/AppData/Roaming/TinyTeX/texmf-dist/tex/latex/amsmath/amsmath.sty
Package: amsmath 2023/05/13 v2.17o AMS math features
\@mathmargin=\skip59

For additional information on amsmath, use the `?' option.
(c:/Users/Ori/AppData/Roaming/TinyTeX/texmf-dist/tex/latex/amsmath/amstext.sty
Package: amstext 2021/08/26 v2.01 AMS text
 (c:/Users/Ori/AppData/Roaming/TinyTeX/texmf-dist/tex/latex/amsmath/amsgen.sty
File: amsgen.sty 1999/11/30 v2.0 generic functions
\@emptytoks=\toks35
\ex@=\dimen283
)) (c:/Users/Ori/AppData/Roaming/TinyTeX/texmf-dist/tex/latex/amsmath/amsbsy.sty
Package: amsbsy 1999/11/29 v1.2d Bold Symbols
\pmbraise@=\dimen284
) (c:/Users/Ori/AppData/Roaming/TinyTeX/texmf-dist/tex/latex/amsmath/amsopn.sty
Package: amsopn 2022/04/08 v2.04 operator names
)
\inf@bad=\count323
LaTeX Info: Redefining \frac on input line 234.
\uproot@=\count324
\leftroot@=\count325
LaTeX Info: Redefining \overline on input line 399.
LaTeX Info: Redefining \colon on input line 410.
\classnum@=\count326
\DOTSCASE@=\count327
LaTeX Info: Redefining \ldots on input line 496.
LaTeX Info: Redefining \dots on input line 499.
LaTeX Info: Redefining \cdots on input line 620.
\Mathstrutbox@=\box74
\strutbox@=\box75
LaTeX Info: Redefining \big on input line 722.
LaTeX Info: Redefining \Big on input line 723.
LaTeX Info: Redefining \bigg on input line 724.
LaTeX Info: Redefining \Bigg on input line 725.
\big@size=\dimen285
LaTeX Font Info:    Redeclaring font encoding OML on input line 743.
LaTeX Font Info:    Redeclaring font encoding OMS on input line 744.
\macc@depth=\count328
LaTeX Info: Redefining \bmod on input line 905.
LaTeX Info: Redefining \pmod on input line 910.
LaTeX Info: Redefining \smash on input line 940.
LaTeX Info: Redefining \relbar on input line 970.
LaTeX Info: Redefining \Relbar on input line 971.
\c@MaxMatrixCols=\count329
\dotsspace@=\muskip17
\c@parentequation=\count330
\dspbrk@lvl=\count331
\tag@help=\toks36
\row@=\count332
\column@=\count333
\maxfields@=\count334
\andhelp@=\toks37
\eqnshift@=\dimen286
\alignsep@=\dimen287
\tagshift@=\dimen288
\tagwidth@=\dimen289
\totwidth@=\dimen290
\lineht@=\dimen291
\@envbody=\toks38
\multlinegap=\skip60
\multlinetaggap=\skip61
\mathdisplay@stack=\toks39
LaTeX Info: Redefining \[ on input line 2953.
LaTeX Info: Redefining \] on input line 2954.
) (c:/Users/Ori/AppData/Roaming/TinyTeX/texmf-dist/tex/latex/amscls/amsthm.sty
Package: amsthm 2020/05/29 v2.20.6
\thm@style=\toks40
\thm@bodyfont=\toks41
\thm@headfont=\toks42
\thm@notefont=\toks43
\thm@headpunct=\toks44
\thm@preskip=\skip62
\thm@postskip=\skip63
\thm@headsep=\skip64
\dth@everypar=\toks45
)
\c@theorem=\count335
) (c:/Users/Ori/AppData/Roaming/TinyTeX/texmf-dist/tex/latex/beamer/beamerbasethemes.sty)) (c:/Users/Ori/AppData/Roaming/TinyTeX/texmf-dist/tex/latex/beamer/beamerthemedefault.sty (c:/Users/Ori/AppData/Roaming/TinyTeX/texmf-dist/tex/latex/beamer/beamerfontthemedefault.sty) (c:/Users/Ori/AppData/Roaming/TinyTeX/texmf-dist/tex/latex/beamer/beamercolorthemedefault.sty) (c:/Users/Ori/AppData/Roaming/TinyTeX/texmf-dist/tex/latex/beamer/beamerinnerthemedefault.sty
\beamer@dima=\dimen292
\beamer@dimb=\dimen293
) (c:/Users/Ori/AppData/Roaming/TinyTeX/texmf-dist/tex/latex/beamer/beamerouterthemedefault.sty))) (c:/Users/Ori/AppData/Roaming/TinyTeX/texmf-dist/tex/latex/beamer/beamerthemeMadrid.sty (c:/Users/Ori/AppData/Roaming/TinyTeX/texmf-dist/tex/latex/beamer/beamercolorthemewhale.sty) (c:/Users/Ori/AppData/Roaming/TinyTeX/texmf-dist/tex/latex/beamer/beamercolorthemeorchid.sty) (c:/Users/Ori/AppData/Roaming/TinyTeX/texmf-dist/tex/latex/beamer/beamerinnerthemerounded.sty) (c:/Users/Ori/AppData/Roaming/TinyTeX/texmf-dist/tex/latex/beamer/beamerouterthemeinfolines.sty)) (c:/Users/Ori/AppData/Roaming/TinyTeX/texmf-dist/tex/latex/adjustbox/adjustbox.sty
Package: adjustbox 2022/10/17 v1.3a Adjusting TeX boxes (trim, clip, ...)
 (c:/Users/Ori/AppData/Roaming/TinyTeX/texmf-dist/tex/latex/xkeyval/xkeyval.sty
Package: xkeyval 2022/06/16 v2.9 package option processing (HA)
 (c:/Users/Ori/AppData/Roaming/TinyTeX/texmf-dist/tex/generic/xkeyval/xkeyval.tex (c:/Users/Ori/AppData/Roaming/TinyTeX/texmf-dist/tex/generic/xkeyval/xkvutils.tex
\XKV@toks=\toks46
\XKV@tempa@toks=\toks47
)
\XKV@depth=\count336
File: xkeyval.tex 2014/12/03 v2.7a key=value parser (HA)
)) (c:/Users/Ori/AppData/Roaming/TinyTeX/texmf-dist/tex/latex/adjustbox/adjcalc.sty
Package: adjcalc 2012/05/16 v1.1 Provides advanced setlength with multiple back-ends (calc, etex, pgfmath)
) (c:/Users/Ori/AppData/Roaming/TinyTeX/texmf-dist/tex/latex/adjustbox/trimclip.sty
Package: trimclip 2020/08/19 v1.2 Trim and clip general TeX material
 (c:/Users/Ori/AppData/Roaming/TinyTeX/texmf-dist/tex/latex/collectbox/collectbox.sty
Package: collectbox 2022/10/17 v0.4c Collect macro arguments as boxes
\collectedbox=\box76
)
\tc@llx=\dimen294
\tc@lly=\dimen295
\tc@urx=\dimen296
\tc@ury=\dimen297
Package trimclip Info: Using driver 'tc-pdftex.def'.
 (c:/Users/Ori/AppData/Roaming/TinyTeX/texmf-dist/tex/latex/adjustbox/tc-pdftex.def
File: tc-pdftex.def 2019/01/04 v2.2 Clipping driver for pdftex
))
\adjbox@Width=\dimen298
\adjbox@Height=\dimen299
\adjbox@Depth=\dimen300
\adjbox@Totalheight=\dimen301
\adjbox@pwidth=\dimen302
\adjbox@pheight=\dimen303
\adjbox@pdepth=\dimen304
\adjbox@ptotalheight=\dimen305
 (c:/Users/Ori/AppData/Roaming/TinyTeX/texmf-dist/tex/latex/varwidth/varwidth.sty
Package: varwidth 2009/03/30 ver 0.92;  Variable-width minipages
\@vwid@box=\box77
\sift@deathcycles=\count337
\@vwid@loff=\dimen306
\@vwid@roff=\dimen307
)) (c:/Users/Ori/AppData/Roaming/TinyTeX/texmf-dist/tex/latex/pgf/frontendlayer/tikz.sty (c:/Users/Ori/AppData/Roaming/TinyTeX/texmf-dist/tex/latex/pgf/basiclayer/pgf.sty
Package: pgf 2023-01-15 v3.1.10 (3.1.10)
 (c:/Users/Ori/AppData/Roaming/TinyTeX/texmf-dist/tex/generic/pgf/modules/pgfmoduleshapes.code.tex
File: pgfmoduleshapes.code.tex 2023-01-15 v3.1.10 (3.1.10)
\pgfnodeparttextbox=\box78
) (c:/Users/Ori/AppData/Roaming/TinyTeX/texmf-dist/tex/generic/pgf/modules/pgfmoduleplot.code.tex
File: pgfmoduleplot.code.tex 2023-01-15 v3.1.10 (3.1.10)
) (c:/Users/Ori/AppData/Roaming/TinyTeX/texmf-dist/tex/latex/pgf/compatibility/pgfcomp-version-0-65.sty
Package: pgfcomp-version-0-65 2023-01-15 v3.1.10 (3.1.10)
\pgf@nodesepstart=\dimen308
\pgf@nodesepend=\dimen309
) (c:/Users/Ori/AppData/Roaming/TinyTeX/texmf-dist/tex/latex/pgf/compatibility/pgfcomp-version-1-18.sty
Package: pgfcomp-version-1-18 2023-01-15 v3.1.10 (3.1.10)
)) (c:/Users/Ori/AppData/Roaming/TinyTeX/texmf-dist/tex/latex/pgf/utilities/pgffor.sty (c:/Users/Ori/AppData/Roaming/TinyTeX/texmf-dist/tex/generic/pgf/utilities/pgffor.code.tex
Package: pgffor 2023-01-15 v3.1.10 (3.1.10)
\pgffor@iter=\dimen310
\pgffor@skip=\dimen311
\pgffor@stack=\toks48
\pgffor@toks=\toks49
)) (c:/Users/Ori/AppData/Roaming/TinyTeX/texmf-dist/tex/generic/pgf/frontendlayer/tikz/tikz.code.tex
Package: tikz 2023-01-15 v3.1.10 (3.1.10)
 (c:/Users/Ori/AppData/Roaming/TinyTeX/texmf-dist/tex/generic/pgf/libraries/pgflibraryplothandlers.code.tex
File: pgflibraryplothandlers.code.tex 2023-01-15 v3.1.10 (3.1.10)
\pgf@plot@mark@count=\count338
\pgfplotmarksize=\dimen312
)
\tikz@lastx=\dimen313
\tikz@lasty=\dimen314
\tikz@lastxsaved=\dimen315
\tikz@lastysaved=\dimen316
\tikz@lastmovetox=\dimen317
\tikz@lastmovetoy=\dimen318
\tikzleveldistance=\dimen319
\tikzsiblingdistance=\dimen320
\tikz@figbox=\box79
\tikz@figbox@bg=\box80
\tikz@tempbox=\box81
\tikz@tempbox@bg=\box82
\tikztreelevel=\count339
\tikznumberofchildren=\count340
\tikznumberofcurrentchild=\count341
\tikz@fig@count=\count342
 (c:/Users/Ori/AppData/Roaming/TinyTeX/texmf-dist/tex/generic/pgf/modules/pgfmodulematrix.code.tex
File: pgfmodulematrix.code.tex 2023-01-15 v3.1.10 (3.1.10)
\pgfmatrixcurrentrow=\count343
\pgfmatrixcurrentcolumn=\count344
\pgf@matrix@numberofcolumns=\count345
)
\tikz@expandcount=\count346
 (c:/Users/Ori/AppData/Roaming/TinyTeX/texmf-dist/tex/generic/pgf/frontendlayer/tikz/libraries/tikzlibrarytopaths.code.tex
File: tikzlibrarytopaths.code.tex 2023-01-15 v3.1.10 (3.1.10)
))) (c:/Users/Ori/AppData/Roaming/TinyTeX/texmf-dist/tex/latex/booktabs/booktabs.sty
Package: booktabs 2020/01/12 v1.61803398 Publication quality tables
\heavyrulewidth=\dimen321
\lightrulewidth=\dimen322
\cmidrulewidth=\dimen323
\belowrulesep=\dimen324
\belowbottomsep=\dimen325
\aboverulesep=\dimen326
\abovetopsep=\dimen327
\cmidrulesep=\dimen328
\cmidrulekern=\dimen329
\defaultaddspace=\dimen330
\@cmidla=\count347
\@cmidlb=\count348
\@aboverulesep=\dimen331
\@belowrulesep=\dimen332
\@thisruleclass=\count349
\@lastruleclass=\count350
\@thisrulewidth=\dimen333
) (c:/Users/Ori/AppData/Roaming/TinyTeX/texmf-dist/tex/latex/tools/tabularx.sty
Package: tabularx 2023/07/08 v2.11c `tabularx' package (DPC)
 (c:/Users/Ori/AppData/Roaming/TinyTeX/texmf-dist/tex/latex/tools/array.sty
Package: array 2023/10/16 v2.5g Tabular extension package (FMi)
\col@sep=\dimen334
\ar@mcellbox=\box83
\extrarowheight=\dimen335
\NC@list=\toks50
\extratabsurround=\skip65
\backup@length=\skip66
\ar@cellbox=\box84
)
\TX@col@width=\dimen336
\TX@old@table=\dimen337
\TX@old@col=\dimen338
\TX@target=\dimen339
\TX@delta=\dimen340
\TX@cols=\count351
\TX@ftn=\toks51
) (c:/Users/Ori/AppData/Roaming/TinyTeX/texmf-dist/tex/latex/l3backend/l3backend-pdftex.def
File: l3backend-pdftex.def 2024-02-20 L3 backend support: PDF output (pdfTeX)
\l__color_backend_stack_int=\count352
\l__pdf_internal_box=\box85
) (./couples_graphs.aux)
\openout1 = `couples_graphs.aux'.

LaTeX Font Info:    Checking defaults for OML/cmm/m/it on input line 80.
LaTeX Font Info:    ... okay on input line 80.
LaTeX Font Info:    Checking defaults for OMS/cmsy/m/n on input line 80.
LaTeX Font Info:    ... okay on input line 80.
LaTeX Font Info:    Checking defaults for OT1/cmr/m/n on input line 80.
LaTeX Font Info:    ... okay on input line 80.
LaTeX Font Info:    Checking defaults for T1/cmr/m/n on input line 80.
LaTeX Font Info:    ... okay on input line 80.
LaTeX Font Info:    Checking defaults for TS1/cmr/m/n on input line 80.
LaTeX Font Info:    ... okay on input line 80.
LaTeX Font Info:    Checking defaults for OMX/cmex/m/n on input line 80.
LaTeX Font Info:    ... okay on input line 80.
LaTeX Font Info:    Checking defaults for U/cmr/m/n on input line 80.
LaTeX Font Info:    ... okay on input line 80.
LaTeX Font Info:    Checking defaults for PD1/pdf/m/n on input line 80.
LaTeX Font Info:    ... okay on input line 80.
LaTeX Font Info:    Checking defaults for PU/pdf/m/n on input line 80.
LaTeX Font Info:    ... okay on input line 80.

*geometry* driver: auto-detecting
*geometry* detected driver: pdftex
*geometry* verbose mode - [ preamble ] result:
* driver: pdftex
* paper: custom
* layout: <same size as paper>
* layoutoffset:(h,v)=(0.0pt,0.0pt)
* modes: includehead includefoot 
* h-part:(L,W,R)=(10.95003pt, 433.34402pt, 10.95003pt)
* v-part:(T,H,B)=(0.0pt, 256.0748pt, 0.0pt)
* \paperwidth=455.24408pt
* \paperheight=256.0748pt
* \textwidth=433.34402pt
* \textheight=227.62207pt
* \oddsidemargin=-61.31996pt
* \evensidemargin=-61.31996pt
* \topmargin=-72.26999pt
* \headheight=14.22636pt
* \headsep=0.0pt
* \topskip=11.0pt
* \footskip=14.22636pt
* \marginparwidth=4.0pt
* \marginparsep=10.0pt
* \columnsep=10.0pt
* \skip\footins=10.0pt plus 4.0pt minus 2.0pt
* \hoffset=0.0pt
* \voffset=0.0pt
* \mag=1000
* \@twocolumnfalse
* \@twosidefalse
* \@mparswitchfalse
* \@reversemarginfalse
* (1in=72.27pt=25.4mm, 1cm=28.453pt)

(c:/Users/Ori/AppData/Roaming/TinyTeX/texmf-dist/tex/latex/epstopdf-pkg/epstopdf-base.sty
Package: epstopdf-base 2020-01-24 v2.11 Base part for package epstopdf
Package epstopdf-base Info: Redefining graphics rule for `.eps' on input line 485.
 (c:/Users/Ori/AppData/Roaming/TinyTeX/texmf-dist/tex/latex/latexconfig/epstopdf-sys.cfg
File: epstopdf-sys.cfg 2010/07/13 v1.3 Configuration of (r)epstopdf for TeX Live
))
Package hyperref Info: Link coloring OFF on input line 80.
 (./couples_graphs.out) (./couples_graphs.out)
\@outlinefile=\write5
\openout5 = `couples_graphs.out'.

LaTeX Font Info:    Overwriting symbol font `operators' in version `normal'
(Font)                  OT1/cmr/m/n --> OT1/cmss/m/n on input line 80.
LaTeX Font Info:    Overwriting symbol font `operators' in version `bold'
(Font)                  OT1/cmr/bx/n --> OT1/cmss/b/n on input line 80.
\symnumbers=\mathgroup6
\sympureletters=\mathgroup7
LaTeX Font Info:    Overwriting math alphabet `\mathrm' in version `normal'
(Font)                  OT1/cmss/m/n --> OT1/cmr/m/n on input line 80.
LaTeX Font Info:    Redeclaring math alphabet \mathbf on input line 80.
LaTeX Font Info:    Overwriting math alphabet `\mathbf' in version `normal'
(Font)                  OT1/cmr/bx/n --> OT1/cmss/b/n on input line 80.
LaTeX Font Info:    Overwriting math alphabet `\mathbf' in version `bold'
(Font)                  OT1/cmr/bx/n --> OT1/cmss/b/n on input line 80.
LaTeX Font Info:    Redeclaring math alphabet \mathsf on input line 80.
LaTeX Font Info:    Overwriting math alphabet `\mathsf' in version `normal'
(Font)                  OT1/cmss/m/n --> OT1/cmss/m/n on input line 80.
LaTeX Font Info:    Overwriting math alphabet `\mathsf' in version `bold'
(Font)                  OT1/cmss/bx/n --> OT1/cmss/m/n on input line 80.
LaTeX Font Info:    Redeclaring math alphabet \mathit on input line 80.
LaTeX Font Info:    Overwriting math alphabet `\mathit' in version `normal'
(Font)                  OT1/cmr/m/it --> OT1/cmss/m/it on input line 80.
LaTeX Font Info:    Overwriting math alphabet `\mathit' in version `bold'
(Font)                  OT1/cmr/bx/it --> OT1/cmss/m/it on input line 80.
LaTeX Font Info:    Redeclaring math alphabet \mathtt on input line 80.
LaTeX Font Info:    Overwriting math alphabet `\mathtt' in version `normal'
(Font)                  OT1/cmtt/m/n --> OT1/cmtt/m/n on input line 80.
LaTeX Font Info:    Overwriting math alphabet `\mathtt' in version `bold'
(Font)                  OT1/cmtt/m/n --> OT1/cmtt/m/n on input line 80.
LaTeX Font Info:    Overwriting symbol font `numbers' in version `bold'
(Font)                  OT1/cmss/m/n --> OT1/cmss/b/n on input line 80.
LaTeX Font Info:    Overwriting symbol font `pureletters' in version `bold'
(Font)                  OT1/cmss/m/it --> OT1/cmss/b/it on input line 80.
LaTeX Font Info:    Overwriting math alphabet `\mathrm' in version `bold'
(Font)                  OT1/cmss/b/n --> OT1/cmr/b/n on input line 80.
LaTeX Font Info:    Overwriting math alphabet `\mathbf' in version `bold'
(Font)                  OT1/cmss/b/n --> OT1/cmss/b/n on input line 80.
LaTeX Font Info:    Overwriting math alphabet `\mathsf' in version `bold'
(Font)                  OT1/cmss/m/n --> OT1/cmss/b/n on input line 80.
LaTeX Font Info:    Overwriting math alphabet `\mathit' in version `bold'
(Font)                  OT1/cmss/m/it --> OT1/cmss/b/it on input line 80.
LaTeX Font Info:    Overwriting math alphabet `\mathtt' in version `bold'
(Font)                  OT1/cmtt/m/n --> OT1/cmtt/b/n on input line 80.
 (c:/Users/Ori/AppData/Roaming/TinyTeX/texmf-dist/tex/latex/translator/translator-basic-dictionary-English.dict
Dictionary: translator-basic-dictionary, Language: English 
) (c:/Users/Ori/AppData/Roaming/TinyTeX/texmf-dist/tex/latex/translator/translator-bibliography-dictionary-English.dict
Dictionary: translator-bibliography-dictionary, Language: English 
) (c:/Users/Ori/AppData/Roaming/TinyTeX/texmf-dist/tex/latex/translator/translator-environment-dictionary-English.dict
Dictionary: translator-environment-dictionary, Language: English 
) (c:/Users/Ori/AppData/Roaming/TinyTeX/texmf-dist/tex/latex/translator/translator-months-dictionary-English.dict
Dictionary: translator-months-dictionary, Language: English 
) (c:/Users/Ori/AppData/Roaming/TinyTeX/texmf-dist/tex/latex/translator/translator-numbers-dictionary-English.dict
Dictionary: translator-numbers-dictionary, Language: English 
) (c:/Users/Ori/AppData/Roaming/TinyTeX/texmf-dist/tex/latex/translator/translator-theorem-dictionary-English.dict
Dictionary: translator-theorem-dictionary, Language: English 
) (./couples_graphs.nav)
Overfull \hbox (4.25006pt too wide) in paragraph at lines 80--80
[][][][]  
 []


Overfull \hbox (4.25006pt too wide) in paragraph at lines 84--84
[][][][]  
 []


Overfull \hbox (4.25006pt too wide) has occurred while \output is active
[][][][] 
 []

[1

{c:/Users/Ori/AppData/Roaming/TinyTeX/texmf-var/fonts/map/pdftex/updmap/pdftex.map}]
Overfull \hbox (4.25006pt too wide) in paragraph at lines 105--105
[][][][]  
 []


Overfull \hbox (4.25006pt too wide) has occurred while \output is active
[][][][] 
 []

[2

]
Overfull \hbox (4.25006pt too wide) in paragraph at lines 143--143
[][][][]  
 []

LaTeX Font Info:    Trying to load font information for U+msa on input line 143.
(c:/Users/Ori/AppData/Roaming/TinyTeX/texmf-dist/tex/latex/amsfonts/umsa.fd
File: umsa.fd 2013/01/14 v3.01 AMS symbols A
)
LaTeX Font Info:    Trying to load font information for U+msb on input line 143.
 (c:/Users/Ori/AppData/Roaming/TinyTeX/texmf-dist/tex/latex/amsfonts/umsb.fd
File: umsb.fd 2013/01/14 v3.01 AMS symbols B
)
LaTeX Font Info:    Font shape `OT1/cmss/b/n' in size <10> not available
(Font)              Font shape `OT1/cmss/bx/n' tried instead on input line 143.
LaTeX Font Info:    Font shape `OT1/cmss/b/n' in size <7> not available
(Font)              Font shape `OT1/cmss/bx/n' tried instead on input line 143.
LaTeX Font Info:    Font shape `OT1/cmss/b/n' in size <5> not available
(Font)              Font shape `OT1/cmss/bx/n' tried instead on input line 143.
LaTeX Font Info:    Font shape `OT1/cmss/b/n' in size <8> not available
(Font)              Font shape `OT1/cmss/bx/n' tried instead on input line 143.
LaTeX Font Info:    Font shape `OT1/cmss/b/n' in size <6> not available
(Font)              Font shape `OT1/cmss/bx/n' tried instead on input line 143.

Overfull \hbox (4.25006pt too wide) has occurred while \output is active
[][][][] 
 []

[3

]
Overfull \hbox (4.25006pt too wide) in paragraph at lines 156--156
[][][][]  
 []

(./tables/sample_table_treatment_child_balance_treat_wife_key_notedu_husb_not_or_edu.tex)
Overfull \hbox (4.25006pt too wide) has occurred while \output is active
[][][][] 
 []

[4

]
Overfull \hbox (4.25006pt too wide) in paragraph at lines 167--167
[][][][]  
 []

<figures/covid_counts_wave_treat_wife_key_notedu_husb_not_or_edu_samplefacets.png, id=103, 867.24pt x 650.43pt>
File: figures/covid_counts_wave_treat_wife_key_notedu_husb_not_or_edu_samplefacets.png Graphic file (type png)
<use figures/covid_counts_wave_treat_wife_key_notedu_husb_not_or_edu_samplefacets.png>
Package pdftex.def Info: figures/covid_counts_wave_treat_wife_key_notedu_husb_not_or_edu_samplefacets.png  used on input line 167.
(pdftex.def)             Requested size: 230.69089pt x 173.01816pt.

Overfull \hbox (4.25006pt too wide) has occurred while \output is active
[][][][] 
 []

[5

 <./figures/covid_counts_wave_treat_wife_key_notedu_husb_not_or_edu_samplefacets.png>]
Overfull \hbox (4.25006pt too wide) in paragraph at lines 172--172
[][][][]  
 []

<figures/main_history_future_counts_year_treat_wife_key_notedu_husb_not_or_edu_samplefacets.png, id=111, 867.24pt x 650.43pt>
File: figures/main_history_future_counts_year_treat_wife_key_notedu_husb_not_or_edu_samplefacets.png Graphic file (type png)
<use figures/main_history_future_counts_year_treat_wife_key_notedu_husb_not_or_edu_samplefacets.png>
Package pdftex.def Info: figures/main_history_future_counts_year_treat_wife_key_notedu_husb_not_or_edu_samplefacets.png  used on input line 172.
(pdftex.def)             Requested size: 230.69089pt x 173.01816pt.

Overfull \hbox (4.25006pt too wide) has occurred while \output is active
[][][][] 
 []

[6

 <./figures/main_history_future_counts_year_treat_wife_key_notedu_husb_not_or_edu_samplefacets.png>]
Overfull \hbox (4.25006pt too wide) in paragraph at lines 177--177
[][][][]  
 []

<figures/main_history_future_counts_ym_treat_wife_key_notedu_husb_not_or_edu_samplefacets.png, id=119, 867.24pt x 650.43pt>
File: figures/main_history_future_counts_ym_treat_wife_key_notedu_husb_not_or_edu_samplefacets.png Graphic file (type png)
<use figures/main_history_future_counts_ym_treat_wife_key_notedu_husb_not_or_edu_samplefacets.png>
Package pdftex.def Info: figures/main_history_future_counts_ym_treat_wife_key_notedu_husb_not_or_edu_samplefacets.png  used on input line 177.
(pdftex.def)             Requested size: 230.69089pt x 173.01816pt.

Overfull \hbox (4.25006pt too wide) has occurred while \output is active
[][][][] 
 []

[7

 <./figures/main_history_future_counts_ym_treat_wife_key_notedu_husb_not_or_edu_samplefacets.png>]
Overfull \hbox (4.25006pt too wide) in paragraph at lines 182--182
[][][][]  
 []

<figures/covid_counts_wave_treat_husb_shutdown_wife_not_samplefacets.png, id=128, 867.24pt x 650.43pt>
File: figures/covid_counts_wave_treat_husb_shutdown_wife_not_samplefacets.png Graphic file (type png)
<use figures/covid_counts_wave_treat_husb_shutdown_wife_not_samplefacets.png>
Package pdftex.def Info: figures/covid_counts_wave_treat_husb_shutdown_wife_not_samplefacets.png  used on input line 182.
(pdftex.def)             Requested size: 230.69089pt x 173.01816pt.

Overfull \hbox (4.25006pt too wide) has occurred while \output is active
[][][][] 
 []

[8

 <./figures/covid_counts_wave_treat_husb_shutdown_wife_not_samplefacets.png>]
Overfull \hbox (4.25006pt too wide) in paragraph at lines 187--187
[][][][]  
 []

<figures/main_history_future_counts_year_treat_husb_shutdown_wife_not_samplefacets.png, id=136, 867.24pt x 650.43pt>
File: figures/main_history_future_counts_year_treat_husb_shutdown_wife_not_samplefacets.png Graphic file (type png)
<use figures/main_history_future_counts_year_treat_husb_shutdown_wife_not_samplefacets.png>
Package pdftex.def Info: figures/main_history_future_counts_year_treat_husb_shutdown_wife_not_samplefacets.png  used on input line 187.
(pdftex.def)             Requested size: 230.69089pt x 173.01816pt.

Overfull \hbox (4.25006pt too wide) has occurred while \output is active
[][][][] 
 []

[9

 <./figures/main_history_future_counts_year_treat_husb_shutdown_wife_not_samplefacets.png>]
Overfull \hbox (4.25006pt too wide) in paragraph at lines 192--192
[][][][]  
 []

<figures/main_history_future_counts_ym_treat_husb_shutdown_wife_not_samplefacets.png, id=144, 867.24pt x 650.43pt>
File: figures/main_history_future_counts_ym_treat_husb_shutdown_wife_not_samplefacets.png Graphic file (type png)
<use figures/main_history_future_counts_ym_treat_husb_shutdown_wife_not_samplefacets.png>
Package pdftex.def Info: figures/main_history_future_counts_ym_treat_husb_shutdown_wife_not_samplefacets.png  used on input line 192.
(pdftex.def)             Requested size: 230.69089pt x 173.01816pt.

Overfull \hbox (4.25006pt too wide) has occurred while \output is active
[][][][] 
 []

[10

 <./figures/main_history_future_counts_ym_treat_husb_shutdown_wife_not_samplefacets.png>]
Overfull \hbox (4.25006pt too wide) in paragraph at lines 203--203
[][][][]  
 []

<figures/covid_workoutside_wave_treat_wife_key_notedu_husb_not_or_edu_childgrid_spousecols.png, id=152, 939.51pt x 650.43pt>
File: figures/covid_workoutside_wave_treat_wife_key_notedu_husb_not_or_edu_childgrid_spousecols.png Graphic file (type png)
<use figures/covid_workoutside_wave_treat_wife_key_notedu_husb_not_or_edu_childgrid_spousecols.png>
Package pdftex.def Info: figures/covid_workoutside_wave_treat_wife_key_notedu_husb_not_or_edu_childgrid_spousecols.png  used on input line 203.
(pdftex.def)             Requested size: 263.4194pt x 182.36726pt.

Overfull \hbox (4.25006pt too wide) has occurred while \output is active
[][][][] 
 []

[11

 <./figures/covid_workoutside_wave_treat_wife_key_notedu_husb_not_or_edu_childgrid_spousecols.png>]
Overfull \hbox (4.25006pt too wide) in paragraph at lines 204--204
[][][][]  
 []

<figures/event_studies/wife_key_husb_notedu/nfe/es_covid_workoutside_wife_key_husb_notedu_w_noc_all_nfe_childgroups.png, id=160, 650.43pt x 433.62pt>
File: figures/event_studies/wife_key_husb_notedu/nfe/es_covid_workoutside_wife_key_husb_notedu_w_noc_all_nfe_childgroups.png Graphic file (type png)
<use figures/event_studies/wife_key_husb_notedu/nfe/es_covid_workoutside_wife_key_husb_notedu_w_noc_all_nfe_childgroups.png>
Package pdftex.def Info: figures/event_studies/wife_key_husb_notedu/nfe/es_covid_workoutside_wife_key_husb_notedu_w_noc_all_nfe_childgroups.png  used on input line 204.
(pdftex.def)             Requested size: 273.55588pt x 182.37057pt.

Overfull \hbox (4.25006pt too wide) has occurred while \output is active
[][][][] 
 []

[12

 <./figures/event_studies/wife_key_husb_notedu/nfe/es_covid_workoutside_wife_key_husb_notedu_w_noc_all_nfe_childgroups.png>]
Overfull \hbox (4.25006pt too wide) in paragraph at lines 204--204
[][][][]  
 []

<figures/event_studies/wife_key_husb_notedu/nfe/es_covid_workoutside_wife_key_husb_notedu_h_noc_all_nfe_childgroups.png, id=171, 650.43pt x 433.62pt>
File: figures/event_studies/wife_key_husb_notedu/nfe/es_covid_workoutside_wife_key_husb_notedu_h_noc_all_nfe_childgroups.png Graphic file (type png)
<use figures/event_studies/wife_key_husb_notedu/nfe/es_covid_workoutside_wife_key_husb_notedu_h_noc_all_nfe_childgroups.png>
Package pdftex.def Info: figures/event_studies/wife_key_husb_notedu/nfe/es_covid_workoutside_wife_key_husb_notedu_h_noc_all_nfe_childgroups.png  used on input line 204.
(pdftex.def)             Requested size: 273.55588pt x 182.37057pt.

Overfull \hbox (4.25006pt too wide) has occurred while \output is active
[][][][] 
 []

[13

 <./figures/event_studies/wife_key_husb_notedu/nfe/es_covid_workoutside_wife_key_husb_notedu_h_noc_all_nfe_childgroups.png>]
Overfull \hbox (4.25006pt too wide) in paragraph at lines 209--209
[][][][]  
 []

<figures/covid_wfh_any_wave_treat_wife_key_notedu_husb_not_or_edu_childgrid_spousecols.png, id=183, 939.51pt x 650.43pt>
File: figures/covid_wfh_any_wave_treat_wife_key_notedu_husb_not_or_edu_childgrid_spousecols.png Graphic file (type png)
<use figures/covid_wfh_any_wave_treat_wife_key_notedu_husb_not_or_edu_childgrid_spousecols.png>
Package pdftex.def Info: figures/covid_wfh_any_wave_treat_wife_key_notedu_husb_not_or_edu_childgrid_spousecols.png  used on input line 209.
(pdftex.def)             Requested size: 263.4194pt x 182.36726pt.

Overfull \hbox (4.25006pt too wide) has occurred while \output is active
[][][][] 
 []

[14

 <./figures/covid_wfh_any_wave_treat_wife_key_notedu_husb_not_or_edu_childgrid_spousecols.png>]
Overfull \hbox (4.25006pt too wide) in paragraph at lines 210--210
[][][][]  
 []

<figures/event_studies/wife_key_husb_notedu/nfe/es_covid_wfh_some_wife_key_husb_notedu_w_noc_all_nfe_childgroups.png, id=192, 650.43pt x 433.62pt>
File: figures/event_studies/wife_key_husb_notedu/nfe/es_covid_wfh_some_wife_key_husb_notedu_w_noc_all_nfe_childgroups.png Graphic file (type png)
<use figures/event_studies/wife_key_husb_notedu/nfe/es_covid_wfh_some_wife_key_husb_notedu_w_noc_all_nfe_childgroups.png>
Package pdftex.def Info: figures/event_studies/wife_key_husb_notedu/nfe/es_covid_wfh_some_wife_key_husb_notedu_w_noc_all_nfe_childgroups.png  used on input line 210.
(pdftex.def)             Requested size: 273.55588pt x 182.37057pt.

Overfull \hbox (4.25006pt too wide) has occurred while \output is active
[][][][] 
 []

[15

 <./figures/event_studies/wife_key_husb_notedu/nfe/es_covid_wfh_some_wife_key_husb_notedu_w_noc_all_nfe_childgroups.png>]
Overfull \hbox (4.25006pt too wide) in paragraph at lines 210--210
[][][][]  
 []

<figures/event_studies/wife_key_husb_notedu/nfe/es_covid_wfh_some_wife_key_husb_notedu_h_noc_all_nfe_childgroups.png, id=203, 650.43pt x 433.62pt>
File: figures/event_studies/wife_key_husb_notedu/nfe/es_covid_wfh_some_wife_key_husb_notedu_h_noc_all_nfe_childgroups.png Graphic file (type png)
<use figures/event_studies/wife_key_husb_notedu/nfe/es_covid_wfh_some_wife_key_husb_notedu_h_noc_all_nfe_childgroups.png>
Package pdftex.def Info: figures/event_studies/wife_key_husb_notedu/nfe/es_covid_wfh_some_wife_key_husb_notedu_h_noc_all_nfe_childgroups.png  used on input line 210.
(pdftex.def)             Requested size: 273.55588pt x 182.37057pt.

Overfull \hbox (4.25006pt too wide) has occurred while \output is active
[][][][] 
 []

[16

 <./figures/event_studies/wife_key_husb_notedu/nfe/es_covid_wfh_some_wife_key_husb_notedu_h_noc_all_nfe_childgroups.png>]
Overfull \hbox (4.25006pt too wide) in paragraph at lines 215--215
[][][][]  
 []

<figures/covid_housework_hours_wave_treat_wife_key_notedu_husb_not_or_edu_childgrid_spousecols.png, id=214, 939.51pt x 650.43pt>
File: figures/covid_housework_hours_wave_treat_wife_key_notedu_husb_not_or_edu_childgrid_spousecols.png Graphic file (type png)
<use figures/covid_housework_hours_wave_treat_wife_key_notedu_husb_not_or_edu_childgrid_spousecols.png>
Package pdftex.def Info: figures/covid_housework_hours_wave_treat_wife_key_notedu_husb_not_or_edu_childgrid_spousecols.png  used on input line 215.
(pdftex.def)             Requested size: 263.4194pt x 182.36726pt.

Overfull \hbox (4.25006pt too wide) has occurred while \output is active
[][][][] 
 []

[17

 <./figures/covid_housework_hours_wave_treat_wife_key_notedu_husb_not_or_edu_childgrid_spousecols.png>]
Overfull \hbox (4.25006pt too wide) in paragraph at lines 216--216
[][][][]  
 []

<figures/event_studies/wife_key_husb_notedu/nfe/es_covid_howlng_wife_key_husb_notedu_w_noc_all_nfe_childgroups.png, id=222, 650.43pt x 433.62pt>
File: figures/event_studies/wife_key_husb_notedu/nfe/es_covid_howlng_wife_key_husb_notedu_w_noc_all_nfe_childgroups.png Graphic file (type png)
<use figures/event_studies/wife_key_husb_notedu/nfe/es_covid_howlng_wife_key_husb_notedu_w_noc_all_nfe_childgroups.png>
Package pdftex.def Info: figures/event_studies/wife_key_husb_notedu/nfe/es_covid_howlng_wife_key_husb_notedu_w_noc_all_nfe_childgroups.png  used on input line 216.
(pdftex.def)             Requested size: 273.55588pt x 182.37057pt.

Overfull \hbox (4.25006pt too wide) has occurred while \output is active
[][][][] 
 []

[18

 <./figures/event_studies/wife_key_husb_notedu/nfe/es_covid_howlng_wife_key_husb_notedu_w_noc_all_nfe_childgroups.png>]
Overfull \hbox (4.25006pt too wide) in paragraph at lines 216--216
[][][][]  
 []

<figures/event_studies/wife_key_husb_notedu/nfe/es_covid_howlng_wife_key_husb_notedu_h_noc_all_nfe_childgroups.png, id=233, 650.43pt x 433.62pt>
File: figures/event_studies/wife_key_husb_notedu/nfe/es_covid_howlng_wife_key_husb_notedu_h_noc_all_nfe_childgroups.png Graphic file (type png)
<use figures/event_studies/wife_key_husb_notedu/nfe/es_covid_howlng_wife_key_husb_notedu_h_noc_all_nfe_childgroups.png>
Package pdftex.def Info: figures/event_studies/wife_key_husb_notedu/nfe/es_covid_howlng_wife_key_husb_notedu_h_noc_all_nfe_childgroups.png  used on input line 216.
(pdftex.def)             Requested size: 273.55588pt x 182.37057pt.

Overfull \hbox (4.25006pt too wide) has occurred while \output is active
[][][][] 
 []

[19

 <./figures/event_studies/wife_key_husb_notedu/nfe/es_covid_howlng_wife_key_husb_notedu_h_noc_all_nfe_childgroups.png>]
Overfull \hbox (4.25006pt too wide) in paragraph at lines 221--221
[][][][]  
 []

<figures/covid_childcare_hours_wave_treat_wife_key_notedu_husb_not_or_edu_childgrid_spousecols.png, id=245, 939.51pt x 650.43pt>
File: figures/covid_childcare_hours_wave_treat_wife_key_notedu_husb_not_or_edu_childgrid_spousecols.png Graphic file (type png)
<use figures/covid_childcare_hours_wave_treat_wife_key_notedu_husb_not_or_edu_childgrid_spousecols.png>
Package pdftex.def Info: figures/covid_childcare_hours_wave_treat_wife_key_notedu_husb_not_or_edu_childgrid_spousecols.png  used on input line 221.
(pdftex.def)             Requested size: 263.4194pt x 182.36726pt.

Overfull \hbox (4.25006pt too wide) has occurred while \output is active
[][][][] 
 []

[20

 <./figures/covid_childcare_hours_wave_treat_wife_key_notedu_husb_not_or_edu_childgrid_spousecols.png>]
Overfull \hbox (4.25006pt too wide) in paragraph at lines 226--226
[][][][]  
 []

<figures/future_workoutside_year_treat_wife_key_notedu_husb_not_or_edu_childgrid_spousecols.png, id=253, 939.51pt x 650.43pt>
File: figures/future_workoutside_year_treat_wife_key_notedu_husb_not_or_edu_childgrid_spousecols.png Graphic file (type png)
<use figures/future_workoutside_year_treat_wife_key_notedu_husb_not_or_edu_childgrid_spousecols.png>
Package pdftex.def Info: figures/future_workoutside_year_treat_wife_key_notedu_husb_not_or_edu_childgrid_spousecols.png  used on input line 226.
(pdftex.def)             Requested size: 263.4194pt x 182.36726pt.

Overfull \hbox (4.25006pt too wide) has occurred while \output is active
[][][][] 
 []

[21

 <./figures/future_workoutside_year_treat_wife_key_notedu_husb_not_or_edu_childgrid_spousecols.png>]
Overfull \hbox (4.25006pt too wide) in paragraph at lines 231--231
[][][][]  
 []

<figures/future_workoutside_ym_treat_wife_key_notedu_husb_not_or_edu_childgrid_spousecols.png, id=261, 939.51pt x 650.43pt>
File: figures/future_workoutside_ym_treat_wife_key_notedu_husb_not_or_edu_childgrid_spousecols.png Graphic file (type png)
<use figures/future_workoutside_ym_treat_wife_key_notedu_husb_not_or_edu_childgrid_spousecols.png>
Package pdftex.def Info: figures/future_workoutside_ym_treat_wife_key_notedu_husb_not_or_edu_childgrid_spousecols.png  used on input line 231.
(pdftex.def)             Requested size: 263.4194pt x 182.36726pt.

Overfull \hbox (4.25006pt too wide) has occurred while \output is active
[][][][] 
 []

[22

 <./figures/future_workoutside_ym_treat_wife_key_notedu_husb_not_or_edu_childgrid_spousecols.png>]
Overfull \hbox (4.25006pt too wide) in paragraph at lines 236--236
[][][][]  
 []

<figures/future_wfh_any_year_treat_wife_key_notedu_husb_not_or_edu_childgrid_spousecols.png, id=269, 939.51pt x 650.43pt>
File: figures/future_wfh_any_year_treat_wife_key_notedu_husb_not_or_edu_childgrid_spousecols.png Graphic file (type png)
<use figures/future_wfh_any_year_treat_wife_key_notedu_husb_not_or_edu_childgrid_spousecols.png>
Package pdftex.def Info: figures/future_wfh_any_year_treat_wife_key_notedu_husb_not_or_edu_childgrid_spousecols.png  used on input line 236.
(pdftex.def)             Requested size: 263.4194pt x 182.36726pt.

Overfull \hbox (4.25006pt too wide) has occurred while \output is active
[][][][] 
 []

[23

 <./figures/future_wfh_any_year_treat_wife_key_notedu_husb_not_or_edu_childgrid_spousecols.png>]
Overfull \hbox (4.25006pt too wide) in paragraph at lines 241--241
[][][][]  
 []

<figures/future_wfh_any_ym_treat_wife_key_notedu_husb_not_or_edu_childgrid_spousecols.png, id=277, 939.51pt x 650.43pt>
File: figures/future_wfh_any_ym_treat_wife_key_notedu_husb_not_or_edu_childgrid_spousecols.png Graphic file (type png)
<use figures/future_wfh_any_ym_treat_wife_key_notedu_husb_not_or_edu_childgrid_spousecols.png>
Package pdftex.def Info: figures/future_wfh_any_ym_treat_wife_key_notedu_husb_not_or_edu_childgrid_spousecols.png  used on input line 241.
(pdftex.def)             Requested size: 263.4194pt x 182.36726pt.

Overfull \hbox (4.25006pt too wide) has occurred while \output is active
[][][][] 
 []

[24

 <./figures/future_wfh_any_ym_treat_wife_key_notedu_husb_not_or_edu_childgrid_spousecols.png>]
Overfull \hbox (4.25006pt too wide) in paragraph at lines 246--246
[][][][]  
 []

<figures/main_history_future_weekly_hours_year_treat_wife_key_notedu_husb_not_or_edu_childgrid_spousecols.png, id=285, 939.51pt x 650.43pt>
File: figures/main_history_future_weekly_hours_year_treat_wife_key_notedu_husb_not_or_edu_childgrid_spousecols.png Graphic file (type png)
<use figures/main_history_future_weekly_hours_year_treat_wife_key_notedu_husb_not_or_edu_childgrid_spousecols.png>
Package pdftex.def Info: figures/main_history_future_weekly_hours_year_treat_wife_key_notedu_husb_not_or_edu_childgrid_spousecols.png  used on input line 246.
(pdftex.def)             Requested size: 263.4194pt x 182.36726pt.

Overfull \hbox (4.25006pt too wide) has occurred while \output is active
[][][][] 
 []

[25

 <./figures/main_history_future_weekly_hours_year_treat_wife_key_notedu_husb_not_or_edu_childgrid_spousecols.png>]
Overfull \hbox (4.25006pt too wide) in paragraph at lines 251--251
[][][][]  
 []

<figures/main_history_future_weekly_hours_ym_treat_wife_key_notedu_husb_not_or_edu_childgrid_spousecols.png, id=294, 939.51pt x 650.43pt>
File: figures/main_history_future_weekly_hours_ym_treat_wife_key_notedu_husb_not_or_edu_childgrid_spousecols.png Graphic file (type png)
<use figures/main_history_future_weekly_hours_ym_treat_wife_key_notedu_husb_not_or_edu_childgrid_spousecols.png>
Package pdftex.def Info: figures/main_history_future_weekly_hours_ym_treat_wife_key_notedu_husb_not_or_edu_childgrid_spousecols.png  used on input line 251.
(pdftex.def)             Requested size: 263.4194pt x 182.36726pt.

Overfull \hbox (4.25006pt too wide) has occurred while \output is active
[][][][] 
 []

[26

 <./figures/main_history_future_weekly_hours_ym_treat_wife_key_notedu_husb_not_or_edu_childgrid_spousecols.png>]
Overfull \hbox (4.25006pt too wide) in paragraph at lines 252--252
[][][][]  
 []

<figures/event_studies/wife_key_husb_notedu/nfe/es_main_jbhrs_wife_key_husb_notedu_w_noc_all_nfe_childgroups.png, id=302, 650.43pt x 433.62pt>
File: figures/event_studies/wife_key_husb_notedu/nfe/es_main_jbhrs_wife_key_husb_notedu_w_noc_all_nfe_childgroups.png Graphic file (type png)
<use figures/event_studies/wife_key_husb_notedu/nfe/es_main_jbhrs_wife_key_husb_notedu_w_noc_all_nfe_childgroups.png>
Package pdftex.def Info: figures/event_studies/wife_key_husb_notedu/nfe/es_main_jbhrs_wife_key_husb_notedu_w_noc_all_nfe_childgroups.png  used on input line 252.
(pdftex.def)             Requested size: 273.55588pt x 182.37057pt.

Overfull \hbox (4.25006pt too wide) has occurred while \output is active
[][][][] 
 []

[27

 <./figures/event_studies/wife_key_husb_notedu/nfe/es_main_jbhrs_wife_key_husb_notedu_w_noc_all_nfe_childgroups.png>]
Overfull \hbox (4.25006pt too wide) in paragraph at lines 252--252
[][][][]  
 []

<figures/event_studies/wife_key_husb_notedu/nfe/es_main_jbhrs_wife_key_husb_notedu_h_noc_all_nfe_childgroups.png, id=313, 650.43pt x 433.62pt>
File: figures/event_studies/wife_key_husb_notedu/nfe/es_main_jbhrs_wife_key_husb_notedu_h_noc_all_nfe_childgroups.png Graphic file (type png)
<use figures/event_studies/wife_key_husb_notedu/nfe/es_main_jbhrs_wife_key_husb_notedu_h_noc_all_nfe_childgroups.png>
Package pdftex.def Info: figures/event_studies/wife_key_husb_notedu/nfe/es_main_jbhrs_wife_key_husb_notedu_h_noc_all_nfe_childgroups.png  used on input line 252.
(pdftex.def)             Requested size: 273.55588pt x 182.37057pt.

Overfull \hbox (4.25006pt too wide) has occurred while \output is active
[][][][] 
 []

[28

 <./figures/event_studies/wife_key_husb_notedu/nfe/es_main_jbhrs_wife_key_husb_notedu_h_noc_all_nfe_childgroups.png>]
Overfull \hbox (4.25006pt too wide) in paragraph at lines 257--257
[][][][]  
 []

<figures/main_history_future_gross_monthly_pay_year_treat_wife_key_notedu_husb_not_or_edu_childgrid_spousecols.png, id=324, 939.51pt x 650.43pt>
File: figures/main_history_future_gross_monthly_pay_year_treat_wife_key_notedu_husb_not_or_edu_childgrid_spousecols.png Graphic file (type png)
<use figures/main_history_future_gross_monthly_pay_year_treat_wife_key_notedu_husb_not_or_edu_childgrid_spousecols.png>
Package pdftex.def Info: figures/main_history_future_gross_monthly_pay_year_treat_wife_key_notedu_husb_not_or_edu_childgrid_spousecols.png  used on input line 257.
(pdftex.def)             Requested size: 263.4194pt x 182.36726pt.

Overfull \hbox (4.25006pt too wide) has occurred while \output is active
[][][][] 
 []

[29

 <./figures/main_history_future_gross_monthly_pay_year_treat_wife_key_notedu_husb_not_or_edu_childgrid_spousecols.png>]
Overfull \hbox (4.25006pt too wide) in paragraph at lines 262--262
[][][][]  
 []

<figures/main_history_future_gross_monthly_pay_ym_treat_wife_key_notedu_husb_not_or_edu_childgrid_spousecols.png, id=332, 939.51pt x 650.43pt>
File: figures/main_history_future_gross_monthly_pay_ym_treat_wife_key_notedu_husb_not_or_edu_childgrid_spousecols.png Graphic file (type png)
<use figures/main_history_future_gross_monthly_pay_ym_treat_wife_key_notedu_husb_not_or_edu_childgrid_spousecols.png>
Package pdftex.def Info: figures/main_history_future_gross_monthly_pay_ym_treat_wife_key_notedu_husb_not_or_edu_childgrid_spousecols.png  used on input line 262.
(pdftex.def)             Requested size: 263.4194pt x 182.36726pt.

Overfull \hbox (4.25006pt too wide) has occurred while \output is active
[][][][] 
 []

[30

 <./figures/main_history_future_gross_monthly_pay_ym_treat_wife_key_notedu_husb_not_or_edu_childgrid_spousecols.png>]
Overfull \hbox (4.25006pt too wide) in paragraph at lines 263--263
[][][][]  
 []

<figures/event_studies/wife_key_husb_notedu/nfe/es_main_paygu_dv_wife_key_husb_notedu_w_noc_all_nfe_childgroups.png, id=340, 650.43pt x 433.62pt>
File: figures/event_studies/wife_key_husb_notedu/nfe/es_main_paygu_dv_wife_key_husb_notedu_w_noc_all_nfe_childgroups.png Graphic file (type png)
<use figures/event_studies/wife_key_husb_notedu/nfe/es_main_paygu_dv_wife_key_husb_notedu_w_noc_all_nfe_childgroups.png>
Package pdftex.def Info: figures/event_studies/wife_key_husb_notedu/nfe/es_main_paygu_dv_wife_key_husb_notedu_w_noc_all_nfe_childgroups.png  used on input line 263.
(pdftex.def)             Requested size: 273.55588pt x 182.37057pt.

Overfull \hbox (4.25006pt too wide) has occurred while \output is active
[][][][] 
 []

[31

 <./figures/event_studies/wife_key_husb_notedu/nfe/es_main_paygu_dv_wife_key_husb_notedu_w_noc_all_nfe_childgroups.png>]
Overfull \hbox (4.25006pt too wide) in paragraph at lines 263--263
[][][][]  
 []

<figures/event_studies/wife_key_husb_notedu/nfe/es_main_paygu_dv_wife_key_husb_notedu_h_noc_all_nfe_childgroups.png, id=353, 650.43pt x 433.62pt>
File: figures/event_studies/wife_key_husb_notedu/nfe/es_main_paygu_dv_wife_key_husb_notedu_h_noc_all_nfe_childgroups.png Graphic file (type png)
<use figures/event_studies/wife_key_husb_notedu/nfe/es_main_paygu_dv_wife_key_husb_notedu_h_noc_all_nfe_childgroups.png>
Package pdftex.def Info: figures/event_studies/wife_key_husb_notedu/nfe/es_main_paygu_dv_wife_key_husb_notedu_h_noc_all_nfe_childgroups.png  used on input line 263.
(pdftex.def)             Requested size: 273.55588pt x 182.37057pt.

Overfull \hbox (4.25006pt too wide) has occurred while \output is active
[][][][] 
 []

[32

 <./figures/event_studies/wife_key_husb_notedu/nfe/es_main_paygu_dv_wife_key_husb_notedu_h_noc_all_nfe_childgroups.png>]
Overfull \hbox (4.25006pt too wide) in paragraph at lines 274--274
[][][][]  
 []

<figures/covid_workoutside_wave_treat_husb_shutdown_wife_not_childgrid_spousecols.png, id=364, 939.51pt x 650.43pt>
File: figures/covid_workoutside_wave_treat_husb_shutdown_wife_not_childgrid_spousecols.png Graphic file (type png)
<use figures/covid_workoutside_wave_treat_husb_shutdown_wife_not_childgrid_spousecols.png>
Package pdftex.def Info: figures/covid_workoutside_wave_treat_husb_shutdown_wife_not_childgrid_spousecols.png  used on input line 274.
(pdftex.def)             Requested size: 263.4194pt x 182.36726pt.

Overfull \hbox (4.25006pt too wide) has occurred while \output is active
[][][][] 
 []

[33

 <./figures/covid_workoutside_wave_treat_husb_shutdown_wife_not_childgrid_spousecols.png>]
Overfull \hbox (4.25006pt too wide) in paragraph at lines 275--275
[][][][]  
 []

<figures/event_studies/husb_shutdown/nfe/es_covid_workoutside_husb_shutdown_w_noc_all_nfe_childgroups.png, id=372, 650.43pt x 433.62pt>
File: figures/event_studies/husb_shutdown/nfe/es_covid_workoutside_husb_shutdown_w_noc_all_nfe_childgroups.png Graphic file (type png)
<use figures/event_studies/husb_shutdown/nfe/es_covid_workoutside_husb_shutdown_w_noc_all_nfe_childgroups.png>
Package pdftex.def Info: figures/event_studies/husb_shutdown/nfe/es_covid_workoutside_husb_shutdown_w_noc_all_nfe_childgroups.png  used on input line 275.
(pdftex.def)             Requested size: 273.55588pt x 182.37057pt.

Overfull \hbox (4.25006pt too wide) has occurred while \output is active
[][][][] 
 []

[34

 <./figures/event_studies/husb_shutdown/nfe/es_covid_workoutside_husb_shutdown_w_noc_all_nfe_childgroups.png>]
Overfull \hbox (4.25006pt too wide) in paragraph at lines 275--275
[][][][]  
 []

<figures/event_studies/husb_shutdown/nfe/es_covid_workoutside_husb_shutdown_h_noc_all_nfe_childgroups.png, id=383, 650.43pt x 433.62pt>
File: figures/event_studies/husb_shutdown/nfe/es_covid_workoutside_husb_shutdown_h_noc_all_nfe_childgroups.png Graphic file (type png)
<use figures/event_studies/husb_shutdown/nfe/es_covid_workoutside_husb_shutdown_h_noc_all_nfe_childgroups.png>
Package pdftex.def Info: figures/event_studies/husb_shutdown/nfe/es_covid_workoutside_husb_shutdown_h_noc_all_nfe_childgroups.png  used on input line 275.
(pdftex.def)             Requested size: 273.55588pt x 182.37057pt.

Overfull \hbox (4.25006pt too wide) has occurred while \output is active
[][][][] 
 []

[35

 <./figures/event_studies/husb_shutdown/nfe/es_covid_workoutside_husb_shutdown_h_noc_all_nfe_childgroups.png>]
Overfull \hbox (4.25006pt too wide) in paragraph at lines 280--280
[][][][]  
 []

<figures/covid_wfh_any_wave_treat_husb_shutdown_wife_not_childgrid_spousecols.png, id=394, 939.51pt x 650.43pt>
File: figures/covid_wfh_any_wave_treat_husb_shutdown_wife_not_childgrid_spousecols.png Graphic file (type png)
<use figures/covid_wfh_any_wave_treat_husb_shutdown_wife_not_childgrid_spousecols.png>
Package pdftex.def Info: figures/covid_wfh_any_wave_treat_husb_shutdown_wife_not_childgrid_spousecols.png  used on input line 280.
(pdftex.def)             Requested size: 263.4194pt x 182.36726pt.

Overfull \hbox (4.25006pt too wide) has occurred while \output is active
[][][][] 
 []

[36

 <./figures/covid_wfh_any_wave_treat_husb_shutdown_wife_not_childgrid_spousecols.png>]
Overfull \hbox (4.25006pt too wide) in paragraph at lines 281--281
[][][][]  
 []

<figures/event_studies/husb_shutdown/nfe/es_covid_wfh_some_husb_shutdown_w_noc_all_nfe_childgroups.png, id=402, 650.43pt x 433.62pt>
File: figures/event_studies/husb_shutdown/nfe/es_covid_wfh_some_husb_shutdown_w_noc_all_nfe_childgroups.png Graphic file (type png)
<use figures/event_studies/husb_shutdown/nfe/es_covid_wfh_some_husb_shutdown_w_noc_all_nfe_childgroups.png>
Package pdftex.def Info: figures/event_studies/husb_shutdown/nfe/es_covid_wfh_some_husb_shutdown_w_noc_all_nfe_childgroups.png  used on input line 281.
(pdftex.def)             Requested size: 273.55588pt x 182.37057pt.

Overfull \hbox (4.25006pt too wide) has occurred while \output is active
[][][][] 
 []

[37

 <./figures/event_studies/husb_shutdown/nfe/es_covid_wfh_some_husb_shutdown_w_noc_all_nfe_childgroups.png>]
Overfull \hbox (4.25006pt too wide) in paragraph at lines 281--281
[][][][]  
 []

<figures/event_studies/husb_shutdown/nfe/es_covid_wfh_some_husb_shutdown_h_noc_all_nfe_childgroups.png, id=414, 650.43pt x 433.62pt>
File: figures/event_studies/husb_shutdown/nfe/es_covid_wfh_some_husb_shutdown_h_noc_all_nfe_childgroups.png Graphic file (type png)
<use figures/event_studies/husb_shutdown/nfe/es_covid_wfh_some_husb_shutdown_h_noc_all_nfe_childgroups.png>
Package pdftex.def Info: figures/event_studies/husb_shutdown/nfe/es_covid_wfh_some_husb_shutdown_h_noc_all_nfe_childgroups.png  used on input line 281.
(pdftex.def)             Requested size: 273.55588pt x 182.37057pt.

Overfull \hbox (4.25006pt too wide) has occurred while \output is active
[][][][] 
 []

[38

 <./figures/event_studies/husb_shutdown/nfe/es_covid_wfh_some_husb_shutdown_h_noc_all_nfe_childgroups.png>]
Overfull \hbox (4.25006pt too wide) in paragraph at lines 286--286
[][][][]  
 []

<figures/covid_housework_hours_wave_treat_husb_shutdown_wife_not_childgrid_spousecols.png, id=425, 939.51pt x 650.43pt>
File: figures/covid_housework_hours_wave_treat_husb_shutdown_wife_not_childgrid_spousecols.png Graphic file (type png)
<use figures/covid_housework_hours_wave_treat_husb_shutdown_wife_not_childgrid_spousecols.png>
Package pdftex.def Info: figures/covid_housework_hours_wave_treat_husb_shutdown_wife_not_childgrid_spousecols.png  used on input line 286.
(pdftex.def)             Requested size: 263.4194pt x 182.36726pt.

Overfull \hbox (4.25006pt too wide) has occurred while \output is active
[][][][] 
 []

[39

 <./figures/covid_housework_hours_wave_treat_husb_shutdown_wife_not_childgrid_spousecols.png>]
Overfull \hbox (4.25006pt too wide) in paragraph at lines 287--287
[][][][]  
 []

<figures/event_studies/husb_shutdown/nfe/es_covid_howlng_husb_shutdown_w_noc_all_nfe_childgroups.png, id=433, 650.43pt x 433.62pt>
File: figures/event_studies/husb_shutdown/nfe/es_covid_howlng_husb_shutdown_w_noc_all_nfe_childgroups.png Graphic file (type png)
<use figures/event_studies/husb_shutdown/nfe/es_covid_howlng_husb_shutdown_w_noc_all_nfe_childgroups.png>
Package pdftex.def Info: figures/event_studies/husb_shutdown/nfe/es_covid_howlng_husb_shutdown_w_noc_all_nfe_childgroups.png  used on input line 287.
(pdftex.def)             Requested size: 273.55588pt x 182.37057pt.

Overfull \hbox (4.25006pt too wide) has occurred while \output is active
[][][][] 
 []

[40

 <./figures/event_studies/husb_shutdown/nfe/es_covid_howlng_husb_shutdown_w_noc_all_nfe_childgroups.png>]
Overfull \hbox (4.25006pt too wide) in paragraph at lines 287--287
[][][][]  
 []

<figures/event_studies/husb_shutdown/nfe/es_covid_howlng_husb_shutdown_h_noc_all_nfe_childgroups.png, id=444, 650.43pt x 433.62pt>
File: figures/event_studies/husb_shutdown/nfe/es_covid_howlng_husb_shutdown_h_noc_all_nfe_childgroups.png Graphic file (type png)
<use figures/event_studies/husb_shutdown/nfe/es_covid_howlng_husb_shutdown_h_noc_all_nfe_childgroups.png>
Package pdftex.def Info: figures/event_studies/husb_shutdown/nfe/es_covid_howlng_husb_shutdown_h_noc_all_nfe_childgroups.png  used on input line 287.
(pdftex.def)             Requested size: 273.55588pt x 182.37057pt.

Overfull \hbox (4.25006pt too wide) has occurred while \output is active
[][][][] 
 []

[41

 <./figures/event_studies/husb_shutdown/nfe/es_covid_howlng_husb_shutdown_h_noc_all_nfe_childgroups.png>]
Overfull \hbox (4.25006pt too wide) in paragraph at lines 292--292
[][][][]  
 []

<figures/covid_childcare_hours_wave_treat_husb_shutdown_wife_not_childgrid_spousecols.png, id=455, 939.51pt x 650.43pt>
File: figures/covid_childcare_hours_wave_treat_husb_shutdown_wife_not_childgrid_spousecols.png Graphic file (type png)
<use figures/covid_childcare_hours_wave_treat_husb_shutdown_wife_not_childgrid_spousecols.png>
Package pdftex.def Info: figures/covid_childcare_hours_wave_treat_husb_shutdown_wife_not_childgrid_spousecols.png  used on input line 292.
(pdftex.def)             Requested size: 263.4194pt x 182.36726pt.

Overfull \hbox (4.25006pt too wide) has occurred while \output is active
[][][][] 
 []

[42

 <./figures/covid_childcare_hours_wave_treat_husb_shutdown_wife_not_childgrid_spousecols.png>]
Overfull \hbox (4.25006pt too wide) in paragraph at lines 297--297
[][][][]  
 []

<figures/future_workoutside_year_treat_husb_shutdown_wife_not_childgrid_spousecols.png, id=463, 939.51pt x 650.43pt>
File: figures/future_workoutside_year_treat_husb_shutdown_wife_not_childgrid_spousecols.png Graphic file (type png)
<use figures/future_workoutside_year_treat_husb_shutdown_wife_not_childgrid_spousecols.png>
Package pdftex.def Info: figures/future_workoutside_year_treat_husb_shutdown_wife_not_childgrid_spousecols.png  used on input line 297.
(pdftex.def)             Requested size: 263.4194pt x 182.36726pt.

Overfull \hbox (4.25006pt too wide) has occurred while \output is active
[][][][] 
 []

[43

 <./figures/future_workoutside_year_treat_husb_shutdown_wife_not_childgrid_spousecols.png>]
Overfull \hbox (4.25006pt too wide) in paragraph at lines 302--302
[][][][]  
 []

<figures/future_workoutside_ym_treat_husb_shutdown_wife_not_childgrid_spousecols.png, id=472, 939.51pt x 650.43pt>
File: figures/future_workoutside_ym_treat_husb_shutdown_wife_not_childgrid_spousecols.png Graphic file (type png)
<use figures/future_workoutside_ym_treat_husb_shutdown_wife_not_childgrid_spousecols.png>
Package pdftex.def Info: figures/future_workoutside_ym_treat_husb_shutdown_wife_not_childgrid_spousecols.png  used on input line 302.
(pdftex.def)             Requested size: 263.4194pt x 182.36726pt.

Overfull \hbox (4.25006pt too wide) has occurred while \output is active
[][][][] 
 []

[44

 <./figures/future_workoutside_ym_treat_husb_shutdown_wife_not_childgrid_spousecols.png>]
Overfull \hbox (4.25006pt too wide) in paragraph at lines 307--307
[][][][]  
 []

<figures/future_wfh_any_year_treat_husb_shutdown_wife_not_childgrid_spousecols.png, id=480, 939.51pt x 650.43pt>
File: figures/future_wfh_any_year_treat_husb_shutdown_wife_not_childgrid_spousecols.png Graphic file (type png)
<use figures/future_wfh_any_year_treat_husb_shutdown_wife_not_childgrid_spousecols.png>
Package pdftex.def Info: figures/future_wfh_any_year_treat_husb_shutdown_wife_not_childgrid_spousecols.png  used on input line 307.
(pdftex.def)             Requested size: 263.4194pt x 182.36726pt.

Overfull \hbox (4.25006pt too wide) has occurred while \output is active
[][][][] 
 []

[45

 <./figures/future_wfh_any_year_treat_husb_shutdown_wife_not_childgrid_spousecols.png>]
Overfull \hbox (4.25006pt too wide) in paragraph at lines 312--312
[][][][]  
 []

<figures/future_wfh_any_ym_treat_husb_shutdown_wife_not_childgrid_spousecols.png, id=488, 939.51pt x 650.43pt>
File: figures/future_wfh_any_ym_treat_husb_shutdown_wife_not_childgrid_spousecols.png Graphic file (type png)
<use figures/future_wfh_any_ym_treat_husb_shutdown_wife_not_childgrid_spousecols.png>
Package pdftex.def Info: figures/future_wfh_any_ym_treat_husb_shutdown_wife_not_childgrid_spousecols.png  used on input line 312.
(pdftex.def)             Requested size: 263.4194pt x 182.36726pt.

Overfull \hbox (4.25006pt too wide) has occurred while \output is active
[][][][] 
 []

[46

 <./figures/future_wfh_any_ym_treat_husb_shutdown_wife_not_childgrid_spousecols.png>]
Overfull \hbox (4.25006pt too wide) in paragraph at lines 317--317
[][][][]  
 []

<figures/main_history_future_weekly_hours_year_treat_husb_shutdown_wife_not_childgrid_spousecols.png, id=496, 939.51pt x 650.43pt>
File: figures/main_history_future_weekly_hours_year_treat_husb_shutdown_wife_not_childgrid_spousecols.png Graphic file (type png)
<use figures/main_history_future_weekly_hours_year_treat_husb_shutdown_wife_not_childgrid_spousecols.png>
Package pdftex.def Info: figures/main_history_future_weekly_hours_year_treat_husb_shutdown_wife_not_childgrid_spousecols.png  used on input line 317.
(pdftex.def)             Requested size: 263.4194pt x 182.36726pt.

Overfull \hbox (4.25006pt too wide) has occurred while \output is active
[][][][] 
 []

[47

 <./figures/main_history_future_weekly_hours_year_treat_husb_shutdown_wife_not_childgrid_spousecols.png>]
Overfull \hbox (4.25006pt too wide) in paragraph at lines 322--322
[][][][]  
 []

<figures/main_history_future_weekly_hours_ym_treat_husb_shutdown_wife_not_childgrid_spousecols.png, id=504, 939.51pt x 650.43pt>
File: figures/main_history_future_weekly_hours_ym_treat_husb_shutdown_wife_not_childgrid_spousecols.png Graphic file (type png)
<use figures/main_history_future_weekly_hours_ym_treat_husb_shutdown_wife_not_childgrid_spousecols.png>
Package pdftex.def Info: figures/main_history_future_weekly_hours_ym_treat_husb_shutdown_wife_not_childgrid_spousecols.png  used on input line 322.
(pdftex.def)             Requested size: 263.4194pt x 182.36726pt.

Overfull \hbox (4.25006pt too wide) has occurred while \output is active
[][][][] 
 []

[48

 <./figures/main_history_future_weekly_hours_ym_treat_husb_shutdown_wife_not_childgrid_spousecols.png>]
Overfull \hbox (4.25006pt too wide) in paragraph at lines 323--323
[][][][]  
 []

<figures/event_studies/husb_shutdown/nfe/es_main_jbhrs_husb_shutdown_w_noc_all_nfe_childgroups.png, id=513, 650.43pt x 433.62pt>
File: figures/event_studies/husb_shutdown/nfe/es_main_jbhrs_husb_shutdown_w_noc_all_nfe_childgroups.png Graphic file (type png)
<use figures/event_studies/husb_shutdown/nfe/es_main_jbhrs_husb_shutdown_w_noc_all_nfe_childgroups.png>
Package pdftex.def Info: figures/event_studies/husb_shutdown/nfe/es_main_jbhrs_husb_shutdown_w_noc_all_nfe_childgroups.png  used on input line 323.
(pdftex.def)             Requested size: 273.55588pt x 182.37057pt.

Overfull \hbox (4.25006pt too wide) has occurred while \output is active
[][][][] 
 []

[49

 <./figures/event_studies/husb_shutdown/nfe/es_main_jbhrs_husb_shutdown_w_noc_all_nfe_childgroups.png>]
Overfull \hbox (4.25006pt too wide) in paragraph at lines 323--323
[][][][]  
 []

<figures/event_studies/husb_shutdown/nfe/es_main_jbhrs_husb_shutdown_h_noc_all_nfe_childgroups.png, id=525, 650.43pt x 433.62pt>
File: figures/event_studies/husb_shutdown/nfe/es_main_jbhrs_husb_shutdown_h_noc_all_nfe_childgroups.png Graphic file (type png)
<use figures/event_studies/husb_shutdown/nfe/es_main_jbhrs_husb_shutdown_h_noc_all_nfe_childgroups.png>
Package pdftex.def Info: figures/event_studies/husb_shutdown/nfe/es_main_jbhrs_husb_shutdown_h_noc_all_nfe_childgroups.png  used on input line 323.
(pdftex.def)             Requested size: 273.55588pt x 182.37057pt.

Overfull \hbox (4.25006pt too wide) has occurred while \output is active
[][][][] 
 []

[50

 <./figures/event_studies/husb_shutdown/nfe/es_main_jbhrs_husb_shutdown_h_noc_all_nfe_childgroups.png>]
Overfull \hbox (4.25006pt too wide) in paragraph at lines 328--328
[][][][]  
 []

<figures/main_history_future_gross_monthly_pay_year_treat_husb_shutdown_wife_not_childgrid_spousecols.png, id=536, 939.51pt x 650.43pt>
File: figures/main_history_future_gross_monthly_pay_year_treat_husb_shutdown_wife_not_childgrid_spousecols.png Graphic file (type png)
<use figures/main_history_future_gross_monthly_pay_year_treat_husb_shutdown_wife_not_childgrid_spousecols.png>
Package pdftex.def Info: figures/main_history_future_gross_monthly_pay_year_treat_husb_shutdown_wife_not_childgrid_spousecols.png  used on input line 328.
(pdftex.def)             Requested size: 263.4194pt x 182.36726pt.

Overfull \hbox (4.25006pt too wide) has occurred while \output is active
[][][][] 
 []

[51

 <./figures/main_history_future_gross_monthly_pay_year_treat_husb_shutdown_wife_not_childgrid_spousecols.png>]
Overfull \hbox (4.25006pt too wide) in paragraph at lines 333--333
[][][][]  
 []

<figures/main_history_future_gross_monthly_pay_ym_treat_husb_shutdown_wife_not_childgrid_spousecols.png, id=544, 939.51pt x 650.43pt>
File: figures/main_history_future_gross_monthly_pay_ym_treat_husb_shutdown_wife_not_childgrid_spousecols.png Graphic file (type png)
<use figures/main_history_future_gross_monthly_pay_ym_treat_husb_shutdown_wife_not_childgrid_spousecols.png>
Package pdftex.def Info: figures/main_history_future_gross_monthly_pay_ym_treat_husb_shutdown_wife_not_childgrid_spousecols.png  used on input line 333.
(pdftex.def)             Requested size: 263.4194pt x 182.36726pt.

Overfull \hbox (4.25006pt too wide) has occurred while \output is active
[][][][] 
 []

[52

 <./figures/main_history_future_gross_monthly_pay_ym_treat_husb_shutdown_wife_not_childgrid_spousecols.png>]
Overfull \hbox (4.25006pt too wide) in paragraph at lines 334--334
[][][][]  
 []

<figures/event_studies/husb_shutdown/nfe/es_main_paygu_dv_husb_shutdown_w_noc_all_nfe_childgroups.png, id=552, 650.43pt x 433.62pt>
File: figures/event_studies/husb_shutdown/nfe/es_main_paygu_dv_husb_shutdown_w_noc_all_nfe_childgroups.png Graphic file (type png)
<use figures/event_studies/husb_shutdown/nfe/es_main_paygu_dv_husb_shutdown_w_noc_all_nfe_childgroups.png>
Package pdftex.def Info: figures/event_studies/husb_shutdown/nfe/es_main_paygu_dv_husb_shutdown_w_noc_all_nfe_childgroups.png  used on input line 334.
(pdftex.def)             Requested size: 273.55588pt x 182.37057pt.

Overfull \hbox (4.25006pt too wide) has occurred while \output is active
[][][][] 
 []

[53

 <./figures/event_studies/husb_shutdown/nfe/es_main_paygu_dv_husb_shutdown_w_noc_all_nfe_childgroups.png>]
Overfull \hbox (4.25006pt too wide) in paragraph at lines 334--334
[][][][]  
 []

<figures/event_studies/husb_shutdown/nfe/es_main_paygu_dv_husb_shutdown_h_noc_all_nfe_childgroups.png, id=563, 650.43pt x 433.62pt>
File: figures/event_studies/husb_shutdown/nfe/es_main_paygu_dv_husb_shutdown_h_noc_all_nfe_childgroups.png Graphic file (type png)
<use figures/event_studies/husb_shutdown/nfe/es_main_paygu_dv_husb_shutdown_h_noc_all_nfe_childgroups.png>
Package pdftex.def Info: figures/event_studies/husb_shutdown/nfe/es_main_paygu_dv_husb_shutdown_h_noc_all_nfe_childgroups.png  used on input line 334.
(pdftex.def)             Requested size: 273.55588pt x 182.37057pt.

Overfull \hbox (4.25006pt too wide) has occurred while \output is active
[][][][] 
 []

[54

 <./figures/event_studies/husb_shutdown/nfe/es_main_paygu_dv_husb_shutdown_h_noc_all_nfe_childgroups.png>]

Package hyperref Warning: Token not allowed in a PDF string (Unicode):
(hyperref)                removing `\translate ' on input line 341.


Overfull \hbox (4.25006pt too wide) in paragraph at lines 369--369
[][][][]  
 []


Overfull \hbox (4.25006pt too wide) has occurred while \output is active
[][][][] 
 []

[55

]
Overfull \hbox (4.25006pt too wide) in paragraph at lines 376--376
[][][][]  
 []

<figures/covid_workoutside_wave_treat_wife_key_notedu_any_childgrid_spousecols.png, id=583, 939.51pt x 650.43pt>
File: figures/covid_workoutside_wave_treat_wife_key_notedu_any_childgrid_spousecols.png Graphic file (type png)
<use figures/covid_workoutside_wave_treat_wife_key_notedu_any_childgrid_spousecols.png>
Package pdftex.def Info: figures/covid_workoutside_wave_treat_wife_key_notedu_any_childgrid_spousecols.png  used on input line 376.
(pdftex.def)             Requested size: 263.4194pt x 182.36726pt.

Overfull \hbox (4.25006pt too wide) has occurred while \output is active
[][][][] 
 []

[56

 <./figures/covid_workoutside_wave_treat_wife_key_notedu_any_childgrid_spousecols.png>]
Overfull \hbox (4.25006pt too wide) in paragraph at lines 377--377
[][][][]  
 []

<figures/event_studies/wife_key_any/nfe/es_covid_workoutside_wife_key_any_w_noc_all_nfe_childgroups.png, id=591, 650.43pt x 433.62pt>
File: figures/event_studies/wife_key_any/nfe/es_covid_workoutside_wife_key_any_w_noc_all_nfe_childgroups.png Graphic file (type png)
<use figures/event_studies/wife_key_any/nfe/es_covid_workoutside_wife_key_any_w_noc_all_nfe_childgroups.png>
Package pdftex.def Info: figures/event_studies/wife_key_any/nfe/es_covid_workoutside_wife_key_any_w_noc_all_nfe_childgroups.png  used on input line 377.
(pdftex.def)             Requested size: 273.55588pt x 182.37057pt.

Overfull \hbox (4.25006pt too wide) has occurred while \output is active
[][][][] 
 []

[57

 <./figures/event_studies/wife_key_any/nfe/es_covid_workoutside_wife_key_any_w_noc_all_nfe_childgroups.png>]
Overfull \hbox (4.25006pt too wide) in paragraph at lines 377--377
[][][][]  
 []

<figures/event_studies/wife_key_any/nfe/es_covid_workoutside_wife_key_any_h_noc_all_nfe_childgroups.png, id=602, 650.43pt x 433.62pt>
File: figures/event_studies/wife_key_any/nfe/es_covid_workoutside_wife_key_any_h_noc_all_nfe_childgroups.png Graphic file (type png)
<use figures/event_studies/wife_key_any/nfe/es_covid_workoutside_wife_key_any_h_noc_all_nfe_childgroups.png>
Package pdftex.def Info: figures/event_studies/wife_key_any/nfe/es_covid_workoutside_wife_key_any_h_noc_all_nfe_childgroups.png  used on input line 377.
(pdftex.def)             Requested size: 273.55588pt x 182.37057pt.

Overfull \hbox (4.25006pt too wide) has occurred while \output is active
[][][][] 
 []

[58

 <./figures/event_studies/wife_key_any/nfe/es_covid_workoutside_wife_key_any_h_noc_all_nfe_childgroups.png>]
Overfull \hbox (4.25006pt too wide) in paragraph at lines 382--382
[][][][]  
 []

<figures/main_history_future_weekly_hours_year_treat_wife_key_notedu_any_childgrid_spousecols.png, id=613, 939.51pt x 650.43pt>
File: figures/main_history_future_weekly_hours_year_treat_wife_key_notedu_any_childgrid_spousecols.png Graphic file (type png)
<use figures/main_history_future_weekly_hours_year_treat_wife_key_notedu_any_childgrid_spousecols.png>
Package pdftex.def Info: figures/main_history_future_weekly_hours_year_treat_wife_key_notedu_any_childgrid_spousecols.png  used on input line 382.
(pdftex.def)             Requested size: 263.4194pt x 182.36726pt.

Overfull \hbox (4.25006pt too wide) has occurred while \output is active
[][][][] 
 []

[59

 <./figures/main_history_future_weekly_hours_year_treat_wife_key_notedu_any_childgrid_spousecols.png>]
Overfull \hbox (4.25006pt too wide) in paragraph at lines 387--387
[][][][]  
 []

<figures/main_history_future_weekly_hours_ym_treat_wife_key_notedu_any_childgrid_spousecols.png, id=621, 939.51pt x 650.43pt>
File: figures/main_history_future_weekly_hours_ym_treat_wife_key_notedu_any_childgrid_spousecols.png Graphic file (type png)
<use figures/main_history_future_weekly_hours_ym_treat_wife_key_notedu_any_childgrid_spousecols.png>
Package pdftex.def Info: figures/main_history_future_weekly_hours_ym_treat_wife_key_notedu_any_childgrid_spousecols.png  used on input line 387.
(pdftex.def)             Requested size: 263.4194pt x 182.36726pt.

Overfull \hbox (4.25006pt too wide) has occurred while \output is active
[][][][] 
 []

[60

 <./figures/main_history_future_weekly_hours_ym_treat_wife_key_notedu_any_childgrid_spousecols.png>]
Overfull \hbox (4.25006pt too wide) in paragraph at lines 388--388
[][][][]  
 []

<figures/event_studies/wife_key_any/nfe/es_main_jbhrs_wife_key_any_w_noc_all_nfe_childgroups.png, id=629, 650.43pt x 433.62pt>
File: figures/event_studies/wife_key_any/nfe/es_main_jbhrs_wife_key_any_w_noc_all_nfe_childgroups.png Graphic file (type png)
<use figures/event_studies/wife_key_any/nfe/es_main_jbhrs_wife_key_any_w_noc_all_nfe_childgroups.png>
Package pdftex.def Info: figures/event_studies/wife_key_any/nfe/es_main_jbhrs_wife_key_any_w_noc_all_nfe_childgroups.png  used on input line 388.
(pdftex.def)             Requested size: 273.55588pt x 182.37057pt.

Overfull \hbox (4.25006pt too wide) has occurred while \output is active
[][][][] 
 []

[61

 <./figures/event_studies/wife_key_any/nfe/es_main_jbhrs_wife_key_any_w_noc_all_nfe_childgroups.png>]
Overfull \hbox (4.25006pt too wide) in paragraph at lines 388--388
[][][][]  
 []

<figures/event_studies/wife_key_any/nfe/es_main_jbhrs_wife_key_any_h_noc_all_nfe_childgroups.png, id=641, 650.43pt x 433.62pt>
File: figures/event_studies/wife_key_any/nfe/es_main_jbhrs_wife_key_any_h_noc_all_nfe_childgroups.png Graphic file (type png)
<use figures/event_studies/wife_key_any/nfe/es_main_jbhrs_wife_key_any_h_noc_all_nfe_childgroups.png>
Package pdftex.def Info: figures/event_studies/wife_key_any/nfe/es_main_jbhrs_wife_key_any_h_noc_all_nfe_childgroups.png  used on input line 388.
(pdftex.def)             Requested size: 273.55588pt x 182.37057pt.

Overfull \hbox (4.25006pt too wide) has occurred while \output is active
[][][][] 
 []

[62

 <./figures/event_studies/wife_key_any/nfe/es_main_jbhrs_wife_key_any_h_noc_all_nfe_childgroups.png>]
Overfull \hbox (4.25006pt too wide) in paragraph at lines 392--392
[][][][]  
 []

<figures/event_studies/wife_key_husb_notedu/nfe/es_covid_workoutside_wife_key_husb_notedu_w_bctrl_all_nfe_childgroups.png, id=652, 650.43pt x 433.62pt>
File: figures/event_studies/wife_key_husb_notedu/nfe/es_covid_workoutside_wife_key_husb_notedu_w_bctrl_all_nfe_childgroups.png Graphic file (type png)
<use figures/event_studies/wife_key_husb_notedu/nfe/es_covid_workoutside_wife_key_husb_notedu_w_bctrl_all_nfe_childgroups.png>
Package pdftex.def Info: figures/event_studies/wife_key_husb_notedu/nfe/es_covid_workoutside_wife_key_husb_notedu_w_bctrl_all_nfe_childgroups.png  used on input line 392.
(pdftex.def)             Requested size: 273.55588pt x 182.37057pt.

Overfull \hbox (4.25006pt too wide) has occurred while \output is active
[][][][] 
 []

[63

 <./figures/event_studies/wife_key_husb_notedu/nfe/es_covid_workoutside_wife_key_husb_notedu_w_bctrl_all_nfe_childgroups.png>]
Overfull \hbox (4.25006pt too wide) in paragraph at lines 392--392
[][][][]  
 []

<figures/event_studies/wife_key_husb_notedu/nfe/es_covid_workoutside_wife_key_husb_notedu_h_bctrl_all_nfe_childgroups.png, id=661, 650.43pt x 433.62pt>
File: figures/event_studies/wife_key_husb_notedu/nfe/es_covid_workoutside_wife_key_husb_notedu_h_bctrl_all_nfe_childgroups.png Graphic file (type png)
<use figures/event_studies/wife_key_husb_notedu/nfe/es_covid_workoutside_wife_key_husb_notedu_h_bctrl_all_nfe_childgroups.png>
Package pdftex.def Info: figures/event_studies/wife_key_husb_notedu/nfe/es_covid_workoutside_wife_key_husb_notedu_h_bctrl_all_nfe_childgroups.png  used on input line 392.
(pdftex.def)             Requested size: 273.55588pt x 182.37057pt.

Overfull \hbox (4.25006pt too wide) has occurred while \output is active
[][][][] 
 []

[64

 <./figures/event_studies/wife_key_husb_notedu/nfe/es_covid_workoutside_wife_key_husb_notedu_h_bctrl_all_nfe_childgroups.png>]
Overfull \hbox (4.25006pt too wide) in paragraph at lines 393--393
[][][][]  
 []

<figures/event_studies/wife_key_husb_notedu/nfe/es_covid_wfh_some_wife_key_husb_notedu_w_bctrl_all_nfe_childgroups.png, id=671, 650.43pt x 433.62pt>
File: figures/event_studies/wife_key_husb_notedu/nfe/es_covid_wfh_some_wife_key_husb_notedu_w_bctrl_all_nfe_childgroups.png Graphic file (type png)
<use figures/event_studies/wife_key_husb_notedu/nfe/es_covid_wfh_some_wife_key_husb_notedu_w_bctrl_all_nfe_childgroups.png>
Package pdftex.def Info: figures/event_studies/wife_key_husb_notedu/nfe/es_covid_wfh_some_wife_key_husb_notedu_w_bctrl_all_nfe_childgroups.png  used on input line 393.
(pdftex.def)             Requested size: 273.55588pt x 182.37057pt.

Overfull \hbox (4.25006pt too wide) has occurred while \output is active
[][][][] 
 []

[65

 <./figures/event_studies/wife_key_husb_notedu/nfe/es_covid_wfh_some_wife_key_husb_notedu_w_bctrl_all_nfe_childgroups.png>]
Overfull \hbox (4.25006pt too wide) in paragraph at lines 393--393
[][][][]  
 []

<figures/event_studies/wife_key_husb_notedu/nfe/es_covid_wfh_some_wife_key_husb_notedu_h_bctrl_all_nfe_childgroups.png, id=680, 650.43pt x 433.62pt>
File: figures/event_studies/wife_key_husb_notedu/nfe/es_covid_wfh_some_wife_key_husb_notedu_h_bctrl_all_nfe_childgroups.png Graphic file (type png)
<use figures/event_studies/wife_key_husb_notedu/nfe/es_covid_wfh_some_wife_key_husb_notedu_h_bctrl_all_nfe_childgroups.png>
Package pdftex.def Info: figures/event_studies/wife_key_husb_notedu/nfe/es_covid_wfh_some_wife_key_husb_notedu_h_bctrl_all_nfe_childgroups.png  used on input line 393.
(pdftex.def)             Requested size: 273.55588pt x 182.37057pt.

Overfull \hbox (4.25006pt too wide) has occurred while \output is active
[][][][] 
 []

[66

 <./figures/event_studies/wife_key_husb_notedu/nfe/es_covid_wfh_some_wife_key_husb_notedu_h_bctrl_all_nfe_childgroups.png>]
Overfull \hbox (4.25006pt too wide) in paragraph at lines 394--394
[][][][]  
 []

<figures/event_studies/wife_key_husb_notedu/nfe/es_covid_howlng_wife_key_husb_notedu_w_bctrl_all_nfe_childgroups.png, id=689, 650.43pt x 433.62pt>
File: figures/event_studies/wife_key_husb_notedu/nfe/es_covid_howlng_wife_key_husb_notedu_w_bctrl_all_nfe_childgroups.png Graphic file (type png)
<use figures/event_studies/wife_key_husb_notedu/nfe/es_covid_howlng_wife_key_husb_notedu_w_bctrl_all_nfe_childgroups.png>
Package pdftex.def Info: figures/event_studies/wife_key_husb_notedu/nfe/es_covid_howlng_wife_key_husb_notedu_w_bctrl_all_nfe_childgroups.png  used on input line 394.
(pdftex.def)             Requested size: 273.55588pt x 182.37057pt.

Overfull \hbox (4.25006pt too wide) has occurred while \output is active
[][][][] 
 []

[67

 <./figures/event_studies/wife_key_husb_notedu/nfe/es_covid_howlng_wife_key_husb_notedu_w_bctrl_all_nfe_childgroups.png>]
Overfull \hbox (4.25006pt too wide) in paragraph at lines 394--394
[][][][]  
 []

<figures/event_studies/wife_key_husb_notedu/nfe/es_covid_howlng_wife_key_husb_notedu_h_bctrl_all_nfe_childgroups.png, id=699, 650.43pt x 433.62pt>
File: figures/event_studies/wife_key_husb_notedu/nfe/es_covid_howlng_wife_key_husb_notedu_h_bctrl_all_nfe_childgroups.png Graphic file (type png)
<use figures/event_studies/wife_key_husb_notedu/nfe/es_covid_howlng_wife_key_husb_notedu_h_bctrl_all_nfe_childgroups.png>
Package pdftex.def Info: figures/event_studies/wife_key_husb_notedu/nfe/es_covid_howlng_wife_key_husb_notedu_h_bctrl_all_nfe_childgroups.png  used on input line 394.
(pdftex.def)             Requested size: 273.55588pt x 182.37057pt.

Overfull \hbox (4.25006pt too wide) has occurred while \output is active
[][][][] 
 []

[68

 <./figures/event_studies/wife_key_husb_notedu/nfe/es_covid_howlng_wife_key_husb_notedu_h_bctrl_all_nfe_childgroups.png>]
Overfull \hbox (4.25006pt too wide) in paragraph at lines 395--395
[][][][]  
 []

<figures/event_studies/wife_key_husb_notedu/nfe/es_main_jbhrs_wife_key_husb_notedu_w_bctrl_all_nfe_childgroups.png, id=708, 650.43pt x 433.62pt>
File: figures/event_studies/wife_key_husb_notedu/nfe/es_main_jbhrs_wife_key_husb_notedu_w_bctrl_all_nfe_childgroups.png Graphic file (type png)
<use figures/event_studies/wife_key_husb_notedu/nfe/es_main_jbhrs_wife_key_husb_notedu_w_bctrl_all_nfe_childgroups.png>
Package pdftex.def Info: figures/event_studies/wife_key_husb_notedu/nfe/es_main_jbhrs_wife_key_husb_notedu_w_bctrl_all_nfe_childgroups.png  used on input line 395.
(pdftex.def)             Requested size: 273.55588pt x 182.37057pt.

Overfull \hbox (4.25006pt too wide) has occurred while \output is active
[][][][] 
 []

[69

 <./figures/event_studies/wife_key_husb_notedu/nfe/es_main_jbhrs_wife_key_husb_notedu_w_bctrl_all_nfe_childgroups.png>]
Overfull \hbox (4.25006pt too wide) in paragraph at lines 395--395
[][][][]  
 []

<figures/event_studies/wife_key_husb_notedu/nfe/es_main_jbhrs_wife_key_husb_notedu_h_bctrl_all_nfe_childgroups.png, id=717, 650.43pt x 433.62pt>
File: figures/event_studies/wife_key_husb_notedu/nfe/es_main_jbhrs_wife_key_husb_notedu_h_bctrl_all_nfe_childgroups.png Graphic file (type png)
<use figures/event_studies/wife_key_husb_notedu/nfe/es_main_jbhrs_wife_key_husb_notedu_h_bctrl_all_nfe_childgroups.png>
Package pdftex.def Info: figures/event_studies/wife_key_husb_notedu/nfe/es_main_jbhrs_wife_key_husb_notedu_h_bctrl_all_nfe_childgroups.png  used on input line 395.
(pdftex.def)             Requested size: 273.55588pt x 182.37057pt.

Overfull \hbox (4.25006pt too wide) has occurred while \output is active
[][][][] 
 []

[70

 <./figures/event_studies/wife_key_husb_notedu/nfe/es_main_jbhrs_wife_key_husb_notedu_h_bctrl_all_nfe_childgroups.png>]
Overfull \hbox (4.25006pt too wide) in paragraph at lines 396--396
[][][][]  
 []

<figures/event_studies/wife_key_husb_notedu/nfe/es_main_paygu_dv_wife_key_husb_notedu_w_bctrl_all_nfe_childgroups.png, id=726, 650.43pt x 433.62pt>
File: figures/event_studies/wife_key_husb_notedu/nfe/es_main_paygu_dv_wife_key_husb_notedu_w_bctrl_all_nfe_childgroups.png Graphic file (type png)
<use figures/event_studies/wife_key_husb_notedu/nfe/es_main_paygu_dv_wife_key_husb_notedu_w_bctrl_all_nfe_childgroups.png>
Package pdftex.def Info: figures/event_studies/wife_key_husb_notedu/nfe/es_main_paygu_dv_wife_key_husb_notedu_w_bctrl_all_nfe_childgroups.png  used on input line 396.
(pdftex.def)             Requested size: 273.55588pt x 182.37057pt.

Overfull \hbox (4.25006pt too wide) has occurred while \output is active
[][][][] 
 []

[71

 <./figures/event_studies/wife_key_husb_notedu/nfe/es_main_paygu_dv_wife_key_husb_notedu_w_bctrl_all_nfe_childgroups.png>]
Overfull \hbox (4.25006pt too wide) in paragraph at lines 396--396
[][][][]  
 []

<figures/event_studies/wife_key_husb_notedu/nfe/es_main_paygu_dv_wife_key_husb_notedu_h_bctrl_all_nfe_childgroups.png, id=735, 650.43pt x 433.62pt>
File: figures/event_studies/wife_key_husb_notedu/nfe/es_main_paygu_dv_wife_key_husb_notedu_h_bctrl_all_nfe_childgroups.png Graphic file (type png)
<use figures/event_studies/wife_key_husb_notedu/nfe/es_main_paygu_dv_wife_key_husb_notedu_h_bctrl_all_nfe_childgroups.png>
Package pdftex.def Info: figures/event_studies/wife_key_husb_notedu/nfe/es_main_paygu_dv_wife_key_husb_notedu_h_bctrl_all_nfe_childgroups.png  used on input line 396.
(pdftex.def)             Requested size: 273.55588pt x 182.37057pt.

Overfull \hbox (4.25006pt too wide) has occurred while \output is active
[][][][] 
 []

[72

 <./figures/event_studies/wife_key_husb_notedu/nfe/es_main_paygu_dv_wife_key_husb_notedu_h_bctrl_all_nfe_childgroups.png>]
Overfull \hbox (4.25006pt too wide) in paragraph at lines 398--398
[][][][]  
 []

<figures/event_studies/husb_shutdown/nfe/es_covid_workoutside_husb_shutdown_w_bctrl_all_nfe_childgroups.png, id=744, 650.43pt x 433.62pt>
File: figures/event_studies/husb_shutdown/nfe/es_covid_workoutside_husb_shutdown_w_bctrl_all_nfe_childgroups.png Graphic file (type png)
<use figures/event_studies/husb_shutdown/nfe/es_covid_workoutside_husb_shutdown_w_bctrl_all_nfe_childgroups.png>
Package pdftex.def Info: figures/event_studies/husb_shutdown/nfe/es_covid_workoutside_husb_shutdown_w_bctrl_all_nfe_childgroups.png  used on input line 398.
(pdftex.def)             Requested size: 273.55588pt x 182.37057pt.

Overfull \hbox (4.25006pt too wide) has occurred while \output is active
[][][][] 
 []

[73

 <./figures/event_studies/husb_shutdown/nfe/es_covid_workoutside_husb_shutdown_w_bctrl_all_nfe_childgroups.png>]
Overfull \hbox (4.25006pt too wide) in paragraph at lines 398--398
[][][][]  
 []

<figures/event_studies/husb_shutdown/nfe/es_covid_workoutside_husb_shutdown_h_bctrl_all_nfe_childgroups.png, id=754, 650.43pt x 433.62pt>
File: figures/event_studies/husb_shutdown/nfe/es_covid_workoutside_husb_shutdown_h_bctrl_all_nfe_childgroups.png Graphic file (type png)
<use figures/event_studies/husb_shutdown/nfe/es_covid_workoutside_husb_shutdown_h_bctrl_all_nfe_childgroups.png>
Package pdftex.def Info: figures/event_studies/husb_shutdown/nfe/es_covid_workoutside_husb_shutdown_h_bctrl_all_nfe_childgroups.png  used on input line 398.
(pdftex.def)             Requested size: 273.55588pt x 182.37057pt.

Overfull \hbox (4.25006pt too wide) has occurred while \output is active
[][][][] 
 []

[74

 <./figures/event_studies/husb_shutdown/nfe/es_covid_workoutside_husb_shutdown_h_bctrl_all_nfe_childgroups.png>]
Overfull \hbox (4.25006pt too wide) in paragraph at lines 399--399
[][][][]  
 []

<figures/event_studies/husb_shutdown/nfe/es_covid_wfh_some_husb_shutdown_w_bctrl_all_nfe_childgroups.png, id=763, 650.43pt x 433.62pt>
File: figures/event_studies/husb_shutdown/nfe/es_covid_wfh_some_husb_shutdown_w_bctrl_all_nfe_childgroups.png Graphic file (type png)
<use figures/event_studies/husb_shutdown/nfe/es_covid_wfh_some_husb_shutdown_w_bctrl_all_nfe_childgroups.png>
Package pdftex.def Info: figures/event_studies/husb_shutdown/nfe/es_covid_wfh_some_husb_shutdown_w_bctrl_all_nfe_childgroups.png  used on input line 399.
(pdftex.def)             Requested size: 273.55588pt x 182.37057pt.

Overfull \hbox (4.25006pt too wide) has occurred while \output is active
[][][][] 
 []

[75

 <./figures/event_studies/husb_shutdown/nfe/es_covid_wfh_some_husb_shutdown_w_bctrl_all_nfe_childgroups.png>]
Overfull \hbox (4.25006pt too wide) in paragraph at lines 399--399
[][][][]  
 []

<figures/event_studies/husb_shutdown/nfe/es_covid_wfh_some_husb_shutdown_h_bctrl_all_nfe_childgroups.png, id=772, 650.43pt x 433.62pt>
File: figures/event_studies/husb_shutdown/nfe/es_covid_wfh_some_husb_shutdown_h_bctrl_all_nfe_childgroups.png Graphic file (type png)
<use figures/event_studies/husb_shutdown/nfe/es_covid_wfh_some_husb_shutdown_h_bctrl_all_nfe_childgroups.png>
Package pdftex.def Info: figures/event_studies/husb_shutdown/nfe/es_covid_wfh_some_husb_shutdown_h_bctrl_all_nfe_childgroups.png  used on input line 399.
(pdftex.def)             Requested size: 273.55588pt x 182.37057pt.

Overfull \hbox (4.25006pt too wide) has occurred while \output is active
[][][][] 
 []

[76

 <./figures/event_studies/husb_shutdown/nfe/es_covid_wfh_some_husb_shutdown_h_bctrl_all_nfe_childgroups.png>]
Overfull \hbox (4.25006pt too wide) in paragraph at lines 400--400
[][][][]  
 []

<figures/event_studies/husb_shutdown/nfe/es_covid_howlng_husb_shutdown_w_bctrl_all_nfe_childgroups.png, id=781, 650.43pt x 433.62pt>
File: figures/event_studies/husb_shutdown/nfe/es_covid_howlng_husb_shutdown_w_bctrl_all_nfe_childgroups.png Graphic file (type png)
<use figures/event_studies/husb_shutdown/nfe/es_covid_howlng_husb_shutdown_w_bctrl_all_nfe_childgroups.png>
Package pdftex.def Info: figures/event_studies/husb_shutdown/nfe/es_covid_howlng_husb_shutdown_w_bctrl_all_nfe_childgroups.png  used on input line 400.
(pdftex.def)             Requested size: 273.55588pt x 182.37057pt.

Overfull \hbox (4.25006pt too wide) has occurred while \output is active
[][][][] 
 []

[77

 <./figures/event_studies/husb_shutdown/nfe/es_covid_howlng_husb_shutdown_w_bctrl_all_nfe_childgroups.png>]
Overfull \hbox (4.25006pt too wide) in paragraph at lines 400--400
[][][][]  
 []

<figures/event_studies/husb_shutdown/nfe/es_covid_howlng_husb_shutdown_h_bctrl_all_nfe_childgroups.png, id=790, 650.43pt x 433.62pt>
File: figures/event_studies/husb_shutdown/nfe/es_covid_howlng_husb_shutdown_h_bctrl_all_nfe_childgroups.png Graphic file (type png)
<use figures/event_studies/husb_shutdown/nfe/es_covid_howlng_husb_shutdown_h_bctrl_all_nfe_childgroups.png>
Package pdftex.def Info: figures/event_studies/husb_shutdown/nfe/es_covid_howlng_husb_shutdown_h_bctrl_all_nfe_childgroups.png  used on input line 400.
(pdftex.def)             Requested size: 273.55588pt x 182.37057pt.

Overfull \hbox (4.25006pt too wide) has occurred while \output is active
[][][][] 
 []

[78

 <./figures/event_studies/husb_shutdown/nfe/es_covid_howlng_husb_shutdown_h_bctrl_all_nfe_childgroups.png>]
Overfull \hbox (4.25006pt too wide) in paragraph at lines 401--401
[][][][]  
 []

<figures/event_studies/husb_shutdown/nfe/es_main_jbhrs_husb_shutdown_w_bctrl_all_nfe_childgroups.png, id=800, 650.43pt x 433.62pt>
File: figures/event_studies/husb_shutdown/nfe/es_main_jbhrs_husb_shutdown_w_bctrl_all_nfe_childgroups.png Graphic file (type png)
<use figures/event_studies/husb_shutdown/nfe/es_main_jbhrs_husb_shutdown_w_bctrl_all_nfe_childgroups.png>
Package pdftex.def Info: figures/event_studies/husb_shutdown/nfe/es_main_jbhrs_husb_shutdown_w_bctrl_all_nfe_childgroups.png  used on input line 401.
(pdftex.def)             Requested size: 273.55588pt x 182.37057pt.

Overfull \hbox (4.25006pt too wide) has occurred while \output is active
[][][][] 
 []

[79

 <./figures/event_studies/husb_shutdown/nfe/es_main_jbhrs_husb_shutdown_w_bctrl_all_nfe_childgroups.png>]
Overfull \hbox (4.25006pt too wide) in paragraph at lines 401--401
[][][][]  
 []

<figures/event_studies/husb_shutdown/nfe/es_main_jbhrs_husb_shutdown_h_bctrl_all_nfe_childgroups.png, id=810, 650.43pt x 433.62pt>
File: figures/event_studies/husb_shutdown/nfe/es_main_jbhrs_husb_shutdown_h_bctrl_all_nfe_childgroups.png Graphic file (type png)
<use figures/event_studies/husb_shutdown/nfe/es_main_jbhrs_husb_shutdown_h_bctrl_all_nfe_childgroups.png>
Package pdftex.def Info: figures/event_studies/husb_shutdown/nfe/es_main_jbhrs_husb_shutdown_h_bctrl_all_nfe_childgroups.png  used on input line 401.
(pdftex.def)             Requested size: 273.55588pt x 182.37057pt.

Overfull \hbox (4.25006pt too wide) has occurred while \output is active
[][][][] 
 []

[80

 <./figures/event_studies/husb_shutdown/nfe/es_main_jbhrs_husb_shutdown_h_bctrl_all_nfe_childgroups.png>]
Overfull \hbox (4.25006pt too wide) in paragraph at lines 402--402
[][][][]  
 []

<figures/event_studies/husb_shutdown/nfe/es_main_paygu_dv_husb_shutdown_w_bctrl_all_nfe_childgroups.png, id=819, 650.43pt x 433.62pt>
File: figures/event_studies/husb_shutdown/nfe/es_main_paygu_dv_husb_shutdown_w_bctrl_all_nfe_childgroups.png Graphic file (type png)
<use figures/event_studies/husb_shutdown/nfe/es_main_paygu_dv_husb_shutdown_w_bctrl_all_nfe_childgroups.png>
Package pdftex.def Info: figures/event_studies/husb_shutdown/nfe/es_main_paygu_dv_husb_shutdown_w_bctrl_all_nfe_childgroups.png  used on input line 402.
(pdftex.def)             Requested size: 273.55588pt x 182.37057pt.

Overfull \hbox (4.25006pt too wide) has occurred while \output is active
[][][][] 
 []

[81

 <./figures/event_studies/husb_shutdown/nfe/es_main_paygu_dv_husb_shutdown_w_bctrl_all_nfe_childgroups.png>]
Overfull \hbox (4.25006pt too wide) in paragraph at lines 402--402
[][][][]  
 []

<figures/event_studies/husb_shutdown/nfe/es_main_paygu_dv_husb_shutdown_h_bctrl_all_nfe_childgroups.png, id=828, 650.43pt x 433.62pt>
File: figures/event_studies/husb_shutdown/nfe/es_main_paygu_dv_husb_shutdown_h_bctrl_all_nfe_childgroups.png Graphic file (type png)
<use figures/event_studies/husb_shutdown/nfe/es_main_paygu_dv_husb_shutdown_h_bctrl_all_nfe_childgroups.png>
Package pdftex.def Info: figures/event_studies/husb_shutdown/nfe/es_main_paygu_dv_husb_shutdown_h_bctrl_all_nfe_childgroups.png  used on input line 402.
(pdftex.def)             Requested size: 273.55588pt x 182.37057pt.

Overfull \hbox (4.25006pt too wide) has occurred while \output is active
[][][][] 
 []

[82

 <./figures/event_studies/husb_shutdown/nfe/es_main_paygu_dv_husb_shutdown_h_bctrl_all_nfe_childgroups.png>]
Overfull \hbox (4.25006pt too wide) in paragraph at lines 404--404
[][][][]  
 []

<figures/event_studies/wife_key_any/nfe/es_covid_workoutside_wife_key_any_w_bctrl_all_nfe_childgroups.png, id=837, 650.43pt x 433.62pt>
File: figures/event_studies/wife_key_any/nfe/es_covid_workoutside_wife_key_any_w_bctrl_all_nfe_childgroups.png Graphic file (type png)
<use figures/event_studies/wife_key_any/nfe/es_covid_workoutside_wife_key_any_w_bctrl_all_nfe_childgroups.png>
Package pdftex.def Info: figures/event_studies/wife_key_any/nfe/es_covid_workoutside_wife_key_any_w_bctrl_all_nfe_childgroups.png  used on input line 404.
(pdftex.def)             Requested size: 273.55588pt x 182.37057pt.

Overfull \hbox (4.25006pt too wide) has occurred while \output is active
[][][][] 
 []

[83

 <./figures/event_studies/wife_key_any/nfe/es_covid_workoutside_wife_key_any_w_bctrl_all_nfe_childgroups.png>]
Overfull \hbox (4.25006pt too wide) in paragraph at lines 404--404
[][][][]  
 []

<figures/event_studies/wife_key_any/nfe/es_covid_workoutside_wife_key_any_h_bctrl_all_nfe_childgroups.png, id=846, 650.43pt x 433.62pt>
File: figures/event_studies/wife_key_any/nfe/es_covid_workoutside_wife_key_any_h_bctrl_all_nfe_childgroups.png Graphic file (type png)
<use figures/event_studies/wife_key_any/nfe/es_covid_workoutside_wife_key_any_h_bctrl_all_nfe_childgroups.png>
Package pdftex.def Info: figures/event_studies/wife_key_any/nfe/es_covid_workoutside_wife_key_any_h_bctrl_all_nfe_childgroups.png  used on input line 404.
(pdftex.def)             Requested size: 273.55588pt x 182.37057pt.

Overfull \hbox (4.25006pt too wide) has occurred while \output is active
[][][][] 
 []

[84

 <./figures/event_studies/wife_key_any/nfe/es_covid_workoutside_wife_key_any_h_bctrl_all_nfe_childgroups.png>]
Overfull \hbox (4.25006pt too wide) in paragraph at lines 405--405
[][][][]  
 []

<figures/event_studies/wife_key_any/nfe/es_main_jbhrs_wife_key_any_w_bctrl_all_nfe_childgroups.png, id=855, 650.43pt x 433.62pt>
File: figures/event_studies/wife_key_any/nfe/es_main_jbhrs_wife_key_any_w_bctrl_all_nfe_childgroups.png Graphic file (type png)
<use figures/event_studies/wife_key_any/nfe/es_main_jbhrs_wife_key_any_w_bctrl_all_nfe_childgroups.png>
Package pdftex.def Info: figures/event_studies/wife_key_any/nfe/es_main_jbhrs_wife_key_any_w_bctrl_all_nfe_childgroups.png  used on input line 405.
(pdftex.def)             Requested size: 273.55588pt x 182.37057pt.

Overfull \hbox (4.25006pt too wide) has occurred while \output is active
[][][][] 
 []

[85

 <./figures/event_studies/wife_key_any/nfe/es_main_jbhrs_wife_key_any_w_bctrl_all_nfe_childgroups.png>]
Overfull \hbox (4.25006pt too wide) in paragraph at lines 405--405
[][][][]  
 []

<figures/event_studies/wife_key_any/nfe/es_main_jbhrs_wife_key_any_h_bctrl_all_nfe_childgroups.png, id=865, 650.43pt x 433.62pt>
File: figures/event_studies/wife_key_any/nfe/es_main_jbhrs_wife_key_any_h_bctrl_all_nfe_childgroups.png Graphic file (type png)
<use figures/event_studies/wife_key_any/nfe/es_main_jbhrs_wife_key_any_h_bctrl_all_nfe_childgroups.png>
Package pdftex.def Info: figures/event_studies/wife_key_any/nfe/es_main_jbhrs_wife_key_any_h_bctrl_all_nfe_childgroups.png  used on input line 405.
(pdftex.def)             Requested size: 273.55588pt x 182.37057pt.

Overfull \hbox (4.25006pt too wide) has occurred while \output is active
[][][][] 
 []

[86

 <./figures/event_studies/wife_key_any/nfe/es_main_jbhrs_wife_key_any_h_bctrl_all_nfe_childgroups.png>]
\tf@nav=\write6
\openout6 = `couples_graphs.nav'.

\tf@toc=\write7
\openout7 = `couples_graphs.toc'.

\tf@snm=\write8
\openout8 = `couples_graphs.snm'.

 (./couples_graphs.aux)
 ***********
LaTeX2e <2023-11-01> patch level 1
L3 programming layer <2024-01-22>
 ***********
Package rerunfilecheck Info: File `couples_graphs.out' has not changed.
(rerunfilecheck)             Checksum: A4ACC6414FF1F431EB67C487B7C717DF;1958.
 ) 
Here is how much of TeX's memory you used:
 26404 strings out of 476161
 577289 string characters out of 5792292
 1947978 words of memory out of 5000000
 47670 multiletter control sequences out of 15000+600000
 568383 words of font info for 74 fonts, out of 8000000 for 9000
 14 hyphenation exceptions out of 8191
 101i,15n,107p,486b,585s stack positions out of 10000i,1000n,20000p,200000b,200000s
<c:/Users/Ori/AppData/Roaming/TinyTeX/texmf-dist/fonts/type1/public/amsfonts/cm/cmex10.pfb><c:/Users/Ori/AppData/Roaming/TinyTeX/texmf-dist/fonts/type1/public/amsfonts/cm/cmmi10.pfb><c:/Users/Ori/AppData/Roaming/TinyTeX/texmf-dist/fonts/type1/public/amsfonts/cm/cmmi7.pfb><c:/Users/Ori/AppData/Roaming/TinyTeX/texmf-dist/fonts/type1/public/amsfonts/cm/cmmi8.pfb><c:/Users/Ori/AppData/Roaming/TinyTeX/texmf-dist/fonts/type1/public/amsfonts/cm/cmss10.pfb><c:/Users/Ori/AppData/Roaming/TinyTeX/texmf-dist/fonts/type1/public/amsfonts/cm/cmss12.pfb><c:/Users/Ori/AppData/Roaming/TinyTeX/texmf-dist/fonts/type1/public/amsfonts/cm/cmss8.pfb><c:/Users/Ori/AppData/Roaming/TinyTeX/texmf-dist/fonts/type1/public/amsfonts/cm/cmssbx10.pfb><c:/Users/Ori/AppData/Roaming/TinyTeX/texmf-dist/fonts/type1/public/amsfonts/cm/cmssi10.pfb><c:/Users/Ori/AppData/Roaming/TinyTeX/texmf-dist/fonts/type1/public/amsfonts/cm/cmssi8.pfb><c:/Users/Ori/AppData/Roaming/TinyTeX/texmf-dist/fonts/type1/public/amsfonts/cm/cmsy10.pfb><c:/Users/Ori/AppData/Roaming/TinyTeX/texmf-dist/fonts/type1/public/amsfonts/cm/cmsy7.pfb><c:/Users/Ori/AppData/Roaming/TinyTeX/texmf-dist/fonts/type1/public/amsfonts/cm/cmtt8.pfb>
Output written on couples_graphs.pdf (86 pages, 26183808 bytes).
PDF statistics:
 983 PDF objects out of 1000 (max. 8388607)
 683 compressed objects within 7 object streams
 230 named destinations out of 1000 (max. 500000)
 562 words of extra memory for PDF output out of 10000 (max. 10000000)

